step,loss,lrm,tok_per_sec
0,10.396509,0.03,10609
1,10.396041,0.05,30330
2,10.391873,0.07,30446
3,10.387933,0.1,30446
4,10.38544,0.12,30454
5,10.373161,0.15,30409
6,10.358378,0.17,30391
7,10.338004,0.2,30366
8,10.306366,0.23,30389
9,10.294735,0.25,30393
10,10.249412,0.28,30373
11,10.211289,0.3,27798
12,10.178764,0.33,30399
13,10.101886,0.35,30391
14,10.025782,0.38,30394
15,9.858012,0.4,30410
16,9.682853,0.42,30380
17,9.496426,0.45,30372
18,9.342639,0.47,30367
19,9.375998,0.5,30349
20,9.383844,0.53,30136
21,9.245722,0.55,30286
22,9.29223,0.57,30271
23,9.258643,0.6,30284
24,9.26973,0.62,30202
25,9.199391,0.65,30218
26,9.101539,0.68,30281
27,8.957348,0.7,30250
28,8.931799,0.72,29342
29,8.951408,0.75,30259
30,8.872229,0.78,28621
31,8.839631,0.8,30270
32,8.791432,0.82,30273
33,8.727702,0.85,30153
34,8.735957,0.88,30029
35,8.602878,0.9,30245
36,8.479996,0.93,30266
37,8.356075,0.95,30273
38,8.257431,0.97,30219
39,8.157883,1.0,30160
40,8.14416,1.0,30256
41,8.001855,1.0,30205
42,7.817706,1.0,30277
43,7.711023,1.0,30271
44,7.594453,1.0,30213
45,7.530895,1.0,30259
46,7.447265,1.0,30154
47,7.369717,1.0,30121
48,7.293226,1.0,30280
49,7.215204,1.0,30271
50,7.123911,1.0,30265
51,7.061141,1.0,30271
52,7.047415,1.0,30280
53,7.037699,1.0,30121
54,7.140623,1.0,30259
55,7.223469,1.0,29665
56,7.290521,1.0,30254
57,7.331987,1.0,30257
58,7.366464,1.0,30120
59,7.283959,1.0,30265
60,7.200004,1.0,30261
61,7.116294,1.0,30246
62,7.008137,1.0,30249
63,6.888167,1.0,30230
64,6.774149,1.0,29775
65,6.700936,1.0,29740
66,6.796083,1.0,30191
67,6.883959,1.0,30187
68,6.982385,1.0,30170
69,7.024689,1.0,30143
70,7.09286,1.0,30148
71,7.006016,1.0,30145
72,6.933139,1.0,28132
73,6.924046,1.0,30140
74,6.786968,1.0,30133
75,6.752006,1.0,30124
76,6.853949,1.0,28642
77,6.935183,1.0,29643
78,6.87037,1.0,30147
79,6.951149,1.0,29721
80,7.010037,1.0,30121
81,7.01436,1.0,30113
82,6.932858,1.0,30150
83,6.821824,1.0,30141
84,6.721374,1.0,30152
85,6.645194,1.0,30141
86,6.593023,1.0,29500
87,6.566303,1.0,30080
88,6.509084,1.0,30091
89,6.41767,1.0,30139
90,6.524088,1.0,30135
91,6.536891,1.0,30132
92,6.643318,1.0,30141
93,6.735731,1.0,30113
94,6.709759,1.0,30143
95,6.770915,1.0,30132
96,6.722087,1.0,30159
97,6.737163,1.0,30151
98,6.831785,1.0,30143
99,6.784098,1.0,27522
100,6.640452,1.0,30155
101,6.571917,1.0,30149
102,6.664626,1.0,30149
103,6.754075,1.0,30109
104,6.810724,1.0,30134
105,6.773337,1.0,30139
106,6.737181,1.0,30093
107,6.64379,1.0,30139
108,6.554801,1.0,30154
109,6.389911,1.0,24504
110,6.306453,1.0,30160
111,6.240148,1.0,30161
112,6.22451,1.0,30143
113,6.277497,1.0,30153
114,6.269691,1.0,30152
115,6.341199,1.0,30127
116,6.261564,1.0,29886
117,6.230117,1.0,29628
118,6.194958,1.0,30142
119,6.129019,1.0,30154
120,6.138668,1.0,30151
121,6.132926,1.0,28404
122,6.132099,1.0,26937
123,6.175775,1.0,30164
124,6.084265,1.0,29958
125,6.132987,1.0,30145
126,6.123542,1.0,30127
127,6.060274,1.0,30146
128,5.99056,1.0,30150
129,5.97675,1.0,30156
130,6.047951,1.0,29718
131,6.184561,1.0,30149
132,6.309393,1.0,30148
133,6.256001,1.0,30145
134,6.144697,1.0,30155
135,6.05302,1.0,30164
136,6.006491,1.0,30140
137,6.015188,1.0,30144
138,6.065795,1.0,29921
139,6.201239,1.0,30142
140,6.281785,1.0,30140
141,6.386515,1.0,30137
142,6.484714,1.0,30141
143,6.362393,1.0,30141
144,6.296449,1.0,30151
145,6.319414,1.0,30156
146,6.30528,1.0,30162
147,6.366945,1.0,30163
148,6.449548,1.0,30148
149,6.42764,1.0,30142
150,6.312866,1.0,30153
151,6.294179,1.0,30151
152,6.10683,1.0,30146
153,6.22007,1.0,30156
154,6.290376,1.0,30150
155,6.368257,1.0,30149
156,6.343497,1.0,29743
157,6.239559,1.0,30139
158,6.172264,1.0,30149
159,6.139256,1.0,30157
160,6.008243,1.0,30145
161,5.925402,1.0,30139
162,5.820368,1.0,30156
163,5.934329,1.0,30147
164,5.942745,1.0,30132
165,6.003065,1.0,30153
166,6.045723,1.0,30134
167,6.146685,1.0,30155
168,6.265031,1.0,28651
169,6.115522,1.0,30146
170,6.027303,1.0,30159
171,6.132669,1.0,30159
172,6.032633,1.0,30145
173,5.955683,1.0,30155
174,5.867481,1.0,30144
175,5.78432,1.0,28741
176,5.730581,1.0,26688
177,5.704597,1.0,30143
178,5.649594,1.0,30140
179,5.724111,1.0,30131
180,5.788078,1.0,30042
181,5.756332,1.0,30146
182,5.886736,1.0,30158
183,5.99127,1.0,30155
184,5.89695,1.0,30149
185,5.848366,1.0,30135
186,5.944915,1.0,30140
187,5.913508,1.0,30127
188,6.029133,1.0,30127
189,6.120903,1.0,30109
190,6.198569,1.0,29689
191,6.214224,1.0,29636
192,6.08897,1.0,30129
193,5.910574,1.0,30135
194,5.786443,1.0,30155
195,5.673015,1.0,30074
196,5.570645,1.0,29980
197,5.553702,1.0,30124
198,5.591962,1.0,30127
199,5.539353,1.0,30140
200,5.54381,1.0,30142
201,5.519813,1.0,30138
202,5.533957,1.0,30085
203,5.652404,1.0,30142
204,5.786017,1.0,30144
205,5.848841,1.0,29297
206,5.700048,1.0,30163
207,5.562091,1.0,30147
208,5.725226,1.0,29446
209,5.82448,1.0,30140
210,5.927759,1.0,30147
211,6.0259,1.0,30139
212,5.883515,1.0,30048
213,5.736211,1.0,28699
214,5.685931,1.0,30159
215,5.606652,1.0,30152
216,5.599592,1.0,30143
217,5.517247,1.0,30136
218,5.516803,1.0,30159
219,5.569655,1.0,30146
220,5.707471,1.0,30135
221,5.736361,1.0,30143
222,5.86405,1.0,30138
223,5.933942,1.0,30135
224,5.99512,1.0,30142
225,6.06383,1.0,30121
226,6.101472,1.0,30134
227,6.170648,1.0,30133
228,6.050964,1.0,30049
229,5.874008,1.0,30132
230,5.863649,1.0,29623
231,5.754371,1.0,30145
232,5.67876,1.0,30147
233,5.59657,1.0,30136
234,5.715523,1.0,30136
235,5.81486,1.0,29667
236,5.67343,1.0,29238
237,5.662456,1.0,30133
238,5.566383,1.0,30147
239,5.587074,1.0,30154
240,5.708888,1.0,30135
241,5.592178,1.0,26991
242,5.604337,1.0,30162
243,5.721798,1.0,30140
244,5.68371,1.0,30142
245,5.710179,1.0,30073
246,5.552174,1.0,30138
247,5.484941,1.0,30135
248,5.437374,1.0,30146
249,5.503795,1.0,29933
250,5.431959,1.0,30078
251,5.391918,1.0,30146
252,5.299063,1.0,30009
253,5.290036,1.0,30132
254,5.368103,1.0,30162
255,5.329844,1.0,30133
256,5.213148,1.0,30121
257,5.252598,1.0,30137
258,5.35802,1.0,30133
259,5.278801,1.0,28554
260,5.413935,1.0,30120
261,5.386897,1.0,30137
262,5.499769,1.0,30135
263,5.491742,1.0,30143
264,5.358911,1.0,30145
265,5.277221,1.0,30117
266,5.26469,1.0,30160
267,5.246295,1.0,30138
268,5.196321,1.0,29660
269,5.177623,1.0,29964
270,5.152132,1.0,30133
271,5.100898,1.0,30128
272,5.132326,1.0,30010
273,5.16151,1.0,30147
274,5.304966,1.0,30069
275,5.293959,1.0,30139
276,5.1875,1.0,30030
277,5.330252,1.0,30134
278,5.446308,1.0,29941
279,5.445697,1.0,30135
280,5.425616,1.0,30140
281,5.523557,1.0,30145
282,5.493147,1.0,30133
283,5.288876,1.0,30145
284,5.254239,1.0,30145
285,5.280254,1.0,30145
286,5.293012,1.0,30136
287,5.35069,1.0,30061
288,5.362053,1.0,30103
289,5.271255,1.0,30138
290,5.233503,1.0,30159
291,5.221001,1.0,30152
292,5.214871,1.0,30137
293,5.194274,1.0,30147
294,5.107194,1.0,30148
295,5.166852,1.0,30140
296,5.283219,1.0,30137
297,5.388273,1.0,30145
298,5.475495,1.0,30152
299,5.325157,1.0,30151
300,5.206709,1.0,30148
301,5.241103,1.0,30144
302,5.268646,1.0,30113
303,5.173689,1.0,30133
304,5.100672,1.0,30118
305,5.005483,1.0,28797
306,4.977507,1.0,30138
307,5.154327,1.0,30144
308,5.269013,1.0,30148
309,5.165562,1.0,30154
310,5.090853,1.0,30164
311,5.126329,1.0,30153
312,4.987604,1.0,29977
313,5.079388,1.0,30134
314,5.218885,1.0,30159
315,5.299865,1.0,30139
316,5.12879,1.0,30151
317,4.985194,1.0,30153
318,4.882021,1.0,30147
319,4.90088,1.0,30149
320,4.893018,1.0,30151
321,4.825414,1.0,30139
322,4.774481,1.0,30156
323,4.774914,1.0,30146
324,4.849008,1.0,30144
325,4.870455,1.0,30157
326,5.018576,1.0,30162
327,5.152424,1.0,30137
328,5.258229,1.0,30145
329,5.259295,1.0,30004
330,5.336444,1.0,30137
331,5.405066,1.0,30151
332,5.449354,1.0,30120
333,5.280114,1.0,30141
334,5.175894,1.0,29984
335,5.141915,1.0,30149
336,5.112646,1.0,29668
337,5.091119,1.0,30141
338,5.076522,1.0,30149
339,4.9679,1.0,30152
340,4.873447,1.0,30151
341,4.813127,1.0,30153
342,4.717353,1.0,30154
343,4.618352,1.0,29838
344,4.636326,1.0,30149
345,4.522343,1.0,30126
346,4.498445,1.0,30149
347,4.606699,1.0,30153
348,4.731376,1.0,30144
349,4.860815,1.0,30144
350,5.012118,1.0,29865
351,5.061289,1.0,29968
352,5.19011,1.0,28819
353,5.210546,1.0,30098
354,5.279369,1.0,30154
355,5.165376,1.0,30148
356,5.039553,1.0,30156
357,4.965256,1.0,30149
358,4.952395,1.0,30131
359,4.913887,1.0,30155
360,5.051857,1.0,30151
361,5.163244,1.0,30155
362,5.151304,1.0,30138
363,5.042879,1.0,30146
364,4.911393,1.0,30146
365,4.933289,1.0,30009
366,5.0578,1.0,30152
367,5.170141,1.0,28289
368,5.223297,1.0,30156
369,5.103114,1.0,30144
370,5.220466,1.0,30140
371,5.250035,1.0,30150
372,5.173393,1.0,30143
373,5.050398,1.0,30147
374,5.034935,1.0,30163
375,4.995713,1.0,30027
376,4.898998,1.0,27354
377,4.809139,1.0,30146
378,4.827573,1.0,30151
379,4.712075,1.0,30158
380,4.69016,1.0,30158
381,4.567507,1.0,30157
382,4.567617,1.0,30160
383,4.499753,1.0,30140
384,4.572903,1.0,30144
385,4.733237,1.0,30159
386,4.834475,1.0,30163
387,4.721096,1.0,30149
388,4.649146,1.0,30152
389,4.638857,1.0,30137
390,4.625276,1.0,30140
391,4.656949,1.0,30138
392,4.632854,1.0,30149
393,4.785125,1.0,30126
394,4.93112,1.0,30150
395,4.870355,1.0,29783
396,4.771637,1.0,30158
397,4.708541,1.0,30159
398,4.708202,1.0,28695
399,4.696985,1.0,30142
400,4.691337,1.0,30149
401,4.62532,1.0,30159
402,4.622599,1.0,30166
403,4.768997,1.0,30150
404,4.912075,1.0,30145
405,4.804147,1.0,30030
406,4.79135,1.0,29826
407,4.828221,1.0,30149
408,4.946907,1.0,30152
409,5.064646,1.0,30159
410,5.180331,1.0,30152
411,5.142493,1.0,30130
412,5.010149,1.0,30151
413,5.116189,1.0,29969
414,5.204957,1.0,30152
415,5.291259,1.0,30080
416,5.282525,1.0,25394
417,5.334389,1.0,30158
418,5.271338,1.0,30133
419,5.147561,1.0,30115
420,5.261726,1.0,30159
421,5.329828,1.0,27496
422,5.140344,1.0,30165
423,5.062178,1.0,30156
424,5.085922,1.0,30156
425,5.200544,1.0,30165
426,5.154704,1.0,30163
427,5.207757,1.0,30162
428,5.2947,1.0,30165
429,5.382925,1.0,30157
430,5.473847,1.0,26413
431,5.543442,1.0,30172
432,5.491095,1.0,30169
433,5.538034,1.0,30172
434,5.363869,1.0,30172
435,5.217906,1.0,29778
436,5.202548,1.0,30160
437,5.178236,1.0,30164
438,5.25598,1.0,30006
439,5.325018,1.0,30159
440,5.134705,1.0,30167
441,5.015401,1.0,30167
442,4.989148,1.0,30171
443,5.030261,1.0,30103
444,4.944404,1.0,28445
445,4.829029,1.0,30179
446,4.817139,1.0,30162
447,4.750864,1.0,29730
448,4.699883,1.0,30149
449,4.588384,1.0,29371
450,4.5611,1.0,28323
451,4.59832,1.0,30158
452,4.619744,1.0,30162
453,4.554975,1.0,28550
454,4.501067,1.0,30131
455,4.51492,1.0,29821
456,4.487759,1.0,30165
457,4.408453,1.0,30180
458,4.454513,1.0,30165
459,4.440038,1.0,30156
460,4.421272,1.0,29383
461,4.430639,1.0,30155
462,4.420074,1.0,30149
463,4.416899,1.0,28614
464,4.420131,1.0,30146
465,4.326146,1.0,29552
466,4.344426,1.0,30157
467,4.302648,1.0,30135
468,4.391937,1.0,30091
469,4.549939,1.0,30166
470,4.670264,1.0,30147
471,4.659841,1.0,29887
472,4.570647,1.0,30155
473,4.516848,1.0,29986
474,4.671315,1.0,30152
475,4.546395,1.0,30157
476,4.446471,1.0,30153
477,4.384945,1.0,30146
478,4.415008,1.0,30151
479,4.35736,1.0,30154
480,4.375185,1.0,30164
481,4.398859,1.0,30170
482,4.421119,1.0,30161
483,4.377421,1.0,30145
484,4.545827,1.0,30141
485,4.520774,1.0,30143
486,4.53066,1.0,30000
487,4.53419,1.0,30150
488,4.666659,1.0,30135
489,4.809591,1.0,30136
490,4.968044,1.0,30142
491,4.846098,1.0,28384
492,4.82931,1.0,29080
493,4.712421,1.0,30164
494,4.669001,1.0,30018
495,4.631174,1.0,30027
496,4.612737,1.0,30141
497,4.526606,1.0,30139
498,4.522824,1.0,30092
499,4.540415,1.0,27373
500,4.647487,1.0,30157
501,4.676815,1.0,30162
502,4.800988,1.0,30152
503,4.898204,1.0,30141
504,4.725069,1.0,30164
505,4.683202,1.0,30169
506,4.661453,1.0,30152
507,4.654392,1.0,30155
508,4.810046,1.0,30149
509,4.817692,1.0,30158
510,4.937588,1.0,30152
511,5.06419,1.0,30144
512,5.122539,1.0,30150
513,5.220676,1.0,30146
514,5.118055,1.0,30149
515,5.053437,1.0,30157
516,4.966322,1.0,30172
517,5.007296,1.0,30161
518,5.085672,1.0,30148
519,5.194932,1.0,30141
520,5.283374,1.0,29974
521,5.336743,1.0,30142
522,5.304562,1.0,30147
523,5.252908,1.0,30152
524,5.297045,1.0,29636
525,5.357162,1.0,30165
526,5.179727,1.0,30081
527,5.093096,1.0,30166
528,4.947099,1.0,30163
529,4.871559,1.0,29760
530,4.736685,1.0,30152
531,4.664417,1.0,30159
532,4.543905,1.0,30161
533,4.431015,1.0,30144
534,4.579289,1.0,30154
535,4.571726,1.0,30142
536,4.576543,1.0,30152
537,4.688508,1.0,28523
538,4.747292,1.0,30162
539,4.888247,1.0,29755
540,5.009483,1.0,30164
541,5.099028,1.0,30166
542,4.944046,1.0,30147
543,5.060434,1.0,30143
544,5.068859,1.0,30143
545,4.966265,1.0,30151
546,4.912712,1.0,29843
547,4.866792,1.0,30146
548,4.959466,1.0,30062
549,5.068007,1.0,30148
550,5.025661,1.0,30122
551,5.111832,1.0,30148
552,5.079687,1.0,30107
553,5.00565,1.0,30163
554,4.891431,1.0,30156
555,4.793028,1.0,30123
556,4.753867,1.0,30157
557,4.731529,1.0,30154
558,4.7156,1.0,30149
559,4.726206,1.0,30149
560,4.670012,1.0,30156
561,4.617397,1.0,30152
562,4.675837,1.0,30158
563,4.799359,1.0,30156
564,4.883004,1.0,30177
565,4.79643,1.0,28507
566,4.762436,1.0,30154
567,4.805335,1.0,30151
568,4.876048,1.0,30158
569,4.864621,1.0,30167
570,4.732257,1.0,30162
571,4.556775,1.0,30155
572,4.405032,1.0,30164
573,4.343754,1.0,30162
574,4.347475,1.0,30159
575,4.307297,1.0,30137
576,4.307954,1.0,30165
577,4.201242,1.0,30164
578,4.186742,1.0,30153
579,4.178081,1.0,30079
580,4.24506,1.0,30042
581,4.369974,1.0,30170
582,4.470735,1.0,30167
583,4.439089,1.0,28707
584,4.35959,1.0,30159
585,4.243825,1.0,29998
586,4.226533,1.0,30023
587,4.265476,1.0,30161
588,4.448884,1.0,30132
589,4.516731,1.0,30180
590,4.645188,1.0,30182
591,4.776497,1.0,30157
592,4.846136,1.0,30151
593,4.935777,1.0,30145
594,4.878881,1.0,30119
595,4.878916,1.0,30156
596,4.967012,1.0,30129
597,5.079572,1.0,30147
598,5.165151,1.0,30163
599,5.139546,1.0,30148
600,5.219987,1.0,30156
601,5.319247,1.0,27313
602,5.114003,1.0,30044
603,4.98592,1.0,30173
604,4.92126,1.0,30154
605,4.816656,1.0,28796
606,4.748169,1.0,30118
607,4.847082,1.0,30109
608,4.864347,1.0,30163
609,4.766701,1.0,30155
610,4.79855,1.0,29846
611,4.696694,1.0,30166
612,4.729272,1.0,30016
613,4.873278,1.0,30149
614,4.79785,1.0,30173
615,4.66172,1.0,30146
616,4.576294,1.0,30156
617,4.7154,1.0,30147
618,4.704232,1.0,30155
619,4.621403,1.0,30167
620,4.550987,1.0,30162
621,4.450892,1.0,30152
622,4.589197,1.0,30154
623,4.637074,1.0,30151
624,4.655274,1.0,30151
625,4.49512,1.0,30153
626,4.419351,1.0,30149
627,4.333984,1.0,27380
628,4.354282,1.0,30158
629,4.340136,1.0,29988
630,4.352771,1.0,28662
631,4.452828,1.0,30155
632,4.346358,1.0,30163
633,4.481004,1.0,30154
634,4.609394,1.0,30152
635,4.720504,1.0,30156
636,4.744994,1.0,30143
637,4.738832,1.0,30132
638,4.629644,1.0,30183
639,4.625425,1.0,30161
640,4.779856,1.0,30160
641,4.867166,1.0,30106
642,4.925516,1.0,28970
643,4.99996,1.0,30157
644,4.834432,1.0,30146
645,4.722581,1.0,30159
646,4.56403,1.0,30161
647,4.51817,1.0,30150
648,4.465814,1.0,30156
649,4.489292,1.0,30165
650,4.446466,1.0,30135
651,4.497806,1.0,30090
652,4.560518,1.0,30165
653,4.575266,1.0,30161
654,4.587365,1.0,30131
655,4.579573,1.0,27362
656,4.628081,1.0,30156
657,4.734543,1.0,30159
658,4.74626,1.0,30156
659,4.612537,1.0,29858
660,4.518408,1.0,30160
661,4.393532,1.0,30171
662,4.321281,1.0,30176
663,4.24796,1.0,30159
664,4.131688,1.0,30139
665,4.088914,1.0,30158
666,4.112827,1.0,30152
667,4.20082,1.0,30163
668,4.310295,1.0,30171
669,4.462308,1.0,30175
670,4.593671,1.0,29999
671,4.67368,1.0,30155
672,4.769396,1.0,30161
673,4.885683,1.0,30177
674,4.764296,1.0,30185
675,4.820966,1.0,30022
676,4.704441,1.0,28721
677,4.817,1.0,30156
678,4.81805,1.0,30160
679,4.897189,1.0,30148
680,4.731569,1.0,30095
681,4.628205,1.0,30159
682,4.547274,1.0,30160
683,4.405616,1.0,30160
684,4.269309,1.0,30146
685,4.270716,1.0,29885
686,4.262012,1.0,30185
687,4.322718,1.0,30161
688,4.465643,1.0,30169
689,4.608684,1.0,30167
690,4.690595,1.0,30057
691,4.583681,1.0,30162
692,4.510732,1.0,30148
693,4.513728,1.0,30168
694,4.656457,1.0,30163
695,4.577473,1.0,30161
696,4.469453,1.0,30161
697,4.384824,1.0,29927
698,4.388741,1.0,30123
699,4.499998,1.0,30160
700,4.525397,1.0,30158
701,4.50386,1.0,30160
702,4.3692,1.0,30163
703,4.330784,1.0,30158
704,4.487575,1.0,30161
705,4.564834,1.0,30171
706,4.67839,1.0,30163
707,4.78715,1.0,30152
708,4.793623,1.0,30160
709,4.90641,1.0,30160
710,4.858928,1.0,30178
711,4.686255,1.0,30157
712,4.517169,1.0,30148
713,4.489753,1.0,30156
714,4.514516,1.0,30161
715,4.630396,1.0,30153
716,4.72599,1.0,30151
717,4.732127,1.0,30158
718,4.824509,1.0,30164
719,4.887109,1.0,30160
720,4.927899,1.0,30147
721,4.890183,1.0,30127
722,4.813562,1.0,30169
723,4.80253,1.0,28591
724,4.728269,1.0,30159
725,4.717822,1.0,30155
726,4.689153,1.0,30155
727,4.639849,1.0,30025
728,4.539439,1.0,30163
729,4.501913,1.0,30164
730,4.387734,1.0,30154
731,4.503823,1.0,30158
732,4.598141,1.0,30156
733,4.697536,1.0,30172
734,4.774259,1.0,30153
735,4.615612,1.0,30159
736,4.538208,1.0,30160
737,4.426286,1.0,30165
738,4.343248,1.0,30079
739,4.501967,1.0,30152
740,4.531166,1.0,30163
741,4.493538,1.0,30162
742,4.403198,1.0,29727
743,4.547873,1.0,30142
744,4.556844,1.0,30151
745,4.468267,1.0,30163
746,4.401086,1.0,30129
747,4.384212,1.0,30156
748,4.32552,1.0,30150
749,4.474532,1.0,30163
750,4.45552,1.0,30153
751,4.579008,1.0,30162
752,4.442866,1.0,30157
753,4.391701,1.0,30165
754,4.386707,1.0,30156
755,4.429313,1.0,30151
756,4.574231,1.0,30156
757,4.680503,1.0,30159
758,4.732151,1.0,30148
759,4.84175,1.0,29880
760,4.907882,1.0,30162
761,4.966481,1.0,30165
762,4.957963,1.0,30155
763,5.017563,1.0,30156
764,5.054436,1.0,30079
765,5.071741,1.0,30154
766,5.155102,1.0,30158
767,5.199756,1.0,30166
768,5.054661,1.0,26165
769,4.87397,1.0,30179
770,4.799799,1.0,30166
771,4.780418,1.0,30127
772,4.881903,1.0,30157
773,4.889743,1.0,30159
774,4.856697,1.0,30162
775,4.783506,1.0,28176
776,4.655811,1.0,27993
777,4.598535,1.0,30161
778,4.646441,1.0,30157
779,4.722544,1.0,30157
780,4.551091,1.0,30154
781,4.598578,1.0,30179
782,4.529372,1.0,30153
783,4.414379,1.0,30162
784,4.373812,1.0,30168
785,4.27132,1.0,30158
786,4.21201,1.0,30122
787,4.13628,1.0,30170
788,4.069631,1.0,30158
789,4.077487,1.0,30165
790,4.014966,1.0,30159
791,3.949572,1.0,30161
792,4.023336,1.0,30135
793,4.183818,1.0,30180
794,4.259757,1.0,30163
795,4.38179,1.0,30167
796,4.422771,1.0,30160
797,4.284139,1.0,30119
798,4.263789,1.0,30151
799,4.138047,1.0,30147
800,4.045826,1.0,30152
801,3.980897,1.0,29537
802,4.018009,1.0,30154
803,4.074522,1.0,30083
804,4.16843,1.0,30162
805,4.328067,1.0,30184
806,4.353061,1.0,30174
807,4.466537,1.0,30159
808,4.480328,1.0,30160
809,4.385437,1.0,30142
810,4.303145,1.0,30159
811,4.222107,1.0,30158
812,4.204827,1.0,30152
813,4.317714,1.0,29897
814,4.30661,1.0,28643
815,4.443912,1.0,30162
816,4.504104,1.0,30156
817,4.50926,1.0,30176
818,4.466415,1.0,30166
819,4.383863,1.0,30156
820,4.288748,1.0,30156
821,4.282283,1.0,30153
822,4.229932,1.0,30123
823,4.276248,1.0,29815
824,4.284224,1.0,27442
825,4.199998,1.0,30168
826,4.346082,1.0,30071
827,4.425511,1.0,30149
828,4.588266,1.0,30162
829,4.612568,1.0,30171
830,4.66842,1.0,30150
831,4.790007,1.0,30152
832,4.772373,1.0,30149
833,4.824515,1.0,30150
834,4.776762,1.0,30165
835,4.77075,1.0,30177
836,4.855446,1.0,30161
837,4.819627,1.0,30141
838,4.775903,1.0,30168
839,4.6741,1.0,30064
840,4.696843,1.0,30086
841,4.686627,1.0,30184
842,4.616592,1.0,30166
843,4.549958,1.0,30155
844,4.424956,1.0,30159
845,4.379834,1.0,30147
846,4.34815,1.0,26258
847,4.275737,1.0,30172
848,4.220095,1.0,30152
849,4.189119,1.0,30153
850,4.080656,1.0,30157
851,4.148967,1.0,30157
852,4.069882,1.0,30163
853,4.083499,1.0,30174
854,4.07698,1.0,30063
855,4.184803,1.0,30158
856,4.139485,1.0,30159
857,4.120957,1.0,30152
858,4.041548,1.0,30167
859,3.975252,1.0,29585
860,3.979755,1.0,28826
861,4.076385,1.0,30180
862,4.211112,1.0,30165
863,4.036101,1.0,30153
864,4.107643,1.0,30167
865,4.028078,1.0,30178
866,4.041169,1.0,30160
867,4.051949,1.0,30156
868,4.056668,1.0,30156
869,4.188989,1.0,30084
870,4.306249,1.0,30152
871,4.219563,1.0,30156
872,4.208557,1.0,30161
873,4.121194,1.0,29532
874,4.062681,1.0,30155
875,4.051462,1.0,30158
876,4.124859,1.0,30173
877,4.257741,1.0,30193
878,4.381222,1.0,29799
879,4.31102,1.0,30191
880,4.436214,1.0,30174
881,4.454824,1.0,29755
882,4.493778,1.0,30043
883,4.61444,1.0,30177
884,4.493577,1.0,30196
885,4.501809,1.0,30185
886,4.62986,1.0,30190
887,4.619115,1.0,30054
888,4.706011,1.0,30136
889,4.630574,1.0,30154
890,4.478366,1.0,30174
891,4.34416,1.0,30183
892,4.366187,1.0,30146
893,4.23104,1.0,30169
894,4.094313,1.0,30179
895,4.058774,1.0,29239
896,4.022515,1.0,30166
897,4.019653,1.0,30165
898,3.969947,1.0,30167
899,3.936805,1.0,30166
900,3.867677,1.0,30130
901,3.779668,1.0,30168
902,3.953328,1.0,30168
903,3.821279,1.0,30174
904,3.730128,1.0,30170
905,3.774825,1.0,30157
906,3.753943,1.0,28696
907,3.853516,1.0,30162
908,3.80589,1.0,30168
909,3.71225,1.0,30160
910,3.620186,1.0,30160
911,3.611137,1.0,30162
912,3.591169,1.0,30162
913,3.653468,1.0,30139
914,3.70049,1.0,30167
915,3.689594,1.0,30108
916,3.708597,1.0,30160
917,3.635628,1.0,30163
918,3.596262,1.0,30110
919,3.747896,1.0,30157
920,3.933216,1.0,30151
921,4.088089,1.0,30089
922,4.087791,1.0,30149
923,4.021308,1.0,30151
924,4.156654,1.0,30155
925,4.273179,1.0,30075
926,4.376226,1.0,30164
927,4.226862,1.0,30164
928,4.132539,1.0,30176
929,4.133645,1.0,30170
930,4.01205,1.0,29864
931,3.958293,1.0,30175
932,3.882855,1.0,30173
933,3.853216,1.0,30171
934,3.970676,1.0,30170
935,3.963106,1.0,30137
936,3.892929,1.0,30166
937,3.942142,1.0,30091
938,3.89409,1.0,30169
939,3.910742,1.0,30161
940,4.069011,1.0,30173
941,3.922134,1.0,30162
942,4.055609,1.0,30080
943,4.054885,1.0,30165
944,4.11621,1.0,30159
945,4.006293,1.0,30150
946,3.96699,1.0,30151
947,4.11492,1.0,30149
948,4.259123,1.0,30180
949,4.145563,1.0,30170
950,4.084646,1.0,30167
951,4.012232,1.0,30150
952,3.947347,1.0,28723
953,3.907297,1.0,30061
954,3.857088,1.0,30162
955,3.865656,1.0,30158
956,3.778062,1.0,30162
957,3.838388,1.0,30155
958,3.917153,1.0,30156
959,4.082548,1.0,30172
960,4.221453,1.0,30162
961,4.315598,1.0,30165
962,4.268159,1.0,30176
963,4.348814,1.0,29909
964,4.496767,1.0,30160
965,4.404013,1.0,30092
966,4.342485,1.0,30159
967,4.24305,1.0,29921
968,4.176651,1.0,30156
969,4.104477,1.0,29997
970,4.225833,1.0,30078
971,4.24603,1.0,30165
972,4.346887,1.0,30154
973,4.488276,1.0,30169
974,4.414751,1.0,30182
975,4.356252,1.0,29976
976,4.35381,1.0,30169
977,4.431903,1.0,29797
978,4.407573,1.0,30159
979,4.446263,1.0,30156
980,4.289606,1.0,30173
981,4.310237,1.0,30173
982,4.389695,1.0,30178
983,4.280879,1.0,30170
984,4.178334,1.0,30164
985,4.06839,1.0,27236
986,3.989985,1.0,30174
987,3.861583,1.0,30153
988,3.835498,1.0,30160
989,3.780999,1.0,30152
990,3.824414,1.0,30160
991,3.895559,1.0,30174
992,3.900102,1.0,30172
993,3.976098,1.0,29325
994,3.959109,1.0,30170
995,3.996156,1.0,30159
996,4.035126,1.0,30159
997,4.184615,1.0,30157
998,4.246089,1.0,28603
999,4.260338,1.0,30173
1000,4.119284,1.0,30291
1001,4.127955,1.0,30279
1002,4.064874,1.0,30281
1003,3.995929,1.0,30268
1004,4.007488,1.0,29953
1005,4.107418,1.0,30292
1006,4.231654,1.0,30296
1007,4.282668,1.0,30246
1008,4.199635,1.0,30292
1009,4.107551,1.0,30273
1010,4.155882,1.0,30002
1011,4.276713,1.0,30291
1012,4.400359,1.0,30281
1013,4.488326,1.0,30291
1014,4.408731,1.0,30282
1015,4.266205,1.0,30278
1016,4.306009,1.0,30275
1017,4.213205,1.0,30281
1018,4.333,1.0,30290
1019,4.263743,1.0,30288
1020,4.15193,1.0,30267
1021,4.064813,1.0,28580
1022,4.006086,1.0,30262
1023,4.0829,1.0,30258
1024,4.162951,1.0,30262
1025,4.267438,1.0,30267
1026,4.367625,1.0,30265
1027,4.286231,1.0,30240
1028,4.242108,1.0,30149
1029,4.19209,1.0,30214
1030,4.142605,1.0,30166
1031,4.122433,1.0,30158
1032,4.126612,1.0,30138
1033,4.157458,1.0,30158
1034,4.223626,1.0,30162
1035,4.344189,1.0,30033
1036,4.197308,1.0,30064
1037,4.318481,1.0,30146
1038,4.303146,1.0,30162
1039,4.291745,1.0,30182
1040,4.414193,1.0,30103
1041,4.481533,1.0,30159
1042,4.486466,1.0,30155
1043,4.570399,1.0,30156
1044,4.658397,1.0,28655
1045,4.747945,1.0,30151
1046,4.801947,1.0,29660
1047,4.606501,1.0,30148
1048,4.459847,1.0,30142
1049,4.30909,1.0,30149
1050,4.309664,1.0,29760
1051,4.422217,1.0,30168
1052,4.504694,1.0,29993
1053,4.367194,1.0,30154
1054,4.32637,1.0,30153
1055,4.186228,1.0,30143
1056,4.060905,1.0,30154
1057,3.988985,1.0,30120
1058,3.921749,1.0,30150
1059,3.87061,1.0,30148
1060,3.79996,1.0,30149
1061,4.005722,1.0,30155
1062,4.054808,1.0,30157
1063,4.06135,1.0,30159
1064,4.205991,1.0,30171
1065,4.341508,1.0,29987
1066,4.342037,1.0,30149
1067,4.431643,1.0,30148
1068,4.51766,1.0,30153
1069,4.350529,1.0,30149
1070,4.211289,1.0,30137
1071,4.05772,1.0,30083
1072,3.970744,1.0,30124
1073,3.840891,1.0,29954
1074,3.807716,1.0,30152
1075,3.911523,1.0,30155
1076,3.914843,1.0,30159
1077,3.865705,1.0,30056
1078,3.807416,1.0,30135
1079,3.805296,1.0,30138
1080,3.789907,1.0,29773
1081,3.748178,1.0,30149
1082,3.719083,1.0,30144
1083,3.681604,1.0,30152
1084,3.641589,1.0,30139
1085,3.798509,1.0,30133
1086,3.931984,1.0,30128
1087,4.038281,1.0,30147
1088,4.184582,1.0,30142
1089,4.283297,1.0,30137
1090,4.271868,1.0,28782
1091,4.17175,1.0,30145
1092,4.038589,1.0,30145
1093,3.953503,1.0,30151
1094,3.822209,1.0,28744
1095,3.740191,1.0,30140
1096,3.765061,1.0,30141
1097,3.922705,1.0,30147
1098,4.01221,1.0,30103
1099,4.153306,1.0,30145
1100,4.025367,1.0,30147
1101,3.952286,1.0,30170
1102,3.83524,1.0,30157
1103,3.98,1.0,30154
1104,4.095218,1.0,30151
1105,4.224747,1.0,30069
1106,4.342544,1.0,30135
1107,4.361302,1.0,30152
1108,4.292236,1.0,29986
1109,4.162396,1.0,30147
1110,4.071338,1.0,30157
1111,4.008704,1.0,30149
1112,3.832211,1.0,30151
1113,3.850021,1.0,30150
1114,3.837384,1.0,30140
1115,3.813507,1.0,30152
1116,3.81986,1.0,27398
1117,3.774525,1.0,29529
1118,3.75922,1.0,30160
1119,3.762428,1.0,30154
1120,3.721897,1.0,30062
1121,3.687134,1.0,30143
1122,3.615771,1.0,30158
1123,3.517968,1.0,30154
1124,3.503398,1.0,28426
1125,3.464971,1.0,30164
1126,3.489615,1.0,30150
1127,3.473866,1.0,30146
1128,3.457763,1.0,30144
1129,3.371515,1.0,30157
1130,3.407277,1.0,30134
1131,3.543774,1.0,30140
1132,3.550966,1.0,28620
1133,3.570524,1.0,30152
1134,3.558215,1.0,30158
1135,3.513597,1.0,30155
1136,3.513987,1.0,26890
1137,3.606333,1.0,30163
1138,3.723118,1.0,30138
1139,3.765057,1.0,28508
1140,3.890266,1.0,30067
1141,4.010503,1.0,30142
1142,4.083832,1.0,30104
1143,3.945532,1.0,30107
1144,3.863701,1.0,30135
1145,3.893042,1.0,30155
1146,4.013329,1.0,30138
1147,4.114149,1.0,30138
1148,3.979882,1.0,30015
1149,3.871391,1.0,30150
1150,3.784842,1.0,30130
1151,3.706345,1.0,30139
1152,3.627143,1.0,30137
1153,3.657962,1.0,30138
1154,3.707929,1.0,30141
1155,3.870977,1.0,29443
1156,4.032457,1.0,28377
1157,4.121064,1.0,30132
1158,4.250255,1.0,30142
1159,4.339654,1.0,30144
1160,4.240223,1.0,30114
1161,4.119485,1.0,29283
1162,4.124374,1.0,30162
1163,4.146041,1.0,30085
1164,4.246479,1.0,30146
1165,4.270789,1.0,29536
1166,4.364882,1.0,30143
1167,4.402532,1.0,30147
1168,4.464548,1.0,30145
1169,4.543145,1.0,29368
1170,4.589326,1.0,30157
1171,4.605876,1.0,30074
1172,4.649696,1.0,30032
1173,4.516603,1.0,30155
1174,4.45554,1.0,30143
1175,4.540946,1.0,28591
1176,4.614407,1.0,30023
1177,4.51603,1.0,30147
1178,4.505085,1.0,30065
1179,4.350859,1.0,30006
1180,4.209331,1.0,30132
1181,4.098437,1.0,30144
1182,4.127351,1.0,30153
1183,4.062754,1.0,28330
1184,4.003492,1.0,30140
1185,3.960079,1.0,29662
1186,3.893942,1.0,30157
1187,3.860515,1.0,29101
1188,3.791813,1.0,30156
1189,3.639176,1.0,30161
1190,3.776665,1.0,30148
1191,3.700489,1.0,29737
1192,3.597555,1.0,30154
1193,3.597786,1.0,30143
1194,3.584721,1.0,30149
1195,3.688829,1.0,30150
1196,3.829867,1.0,30143
1197,3.880449,1.0,30142
1198,3.88018,1.0,30159
1199,3.759016,1.0,30145
1200,3.685323,1.0,30043
1201,3.63062,1.0,29911
1202,3.634656,1.0,30142
1203,3.739731,1.0,30121
1204,3.838929,1.0,30145
1205,3.893196,1.0,30144
1206,4.015238,1.0,29884
1207,4.01983,1.0,30149
1208,3.917428,1.0,30149
1209,3.780935,1.0,30156
1210,3.752205,1.0,30171
1211,3.779392,1.0,30165
1212,3.935716,1.0,29963
1213,3.820812,1.0,30154
1214,3.764066,1.0,29180
1215,3.780866,1.0,30151
1216,3.722322,1.0,30146
1217,3.804055,1.0,30158
1218,3.728256,1.0,29911
1219,3.636374,1.0,30083
1220,3.559655,1.0,30137
1221,3.518568,1.0,30139
1222,3.696421,1.0,30163
1223,3.854319,1.0,29958
1224,3.821278,1.0,30151
1225,3.73324,1.0,30141
1226,3.895773,1.0,29998
1227,4.040767,1.0,30148
1228,4.133313,1.0,30147
1229,4.017213,1.0,28699
1230,3.921957,1.0,30149
1231,3.912251,1.0,30145
1232,3.988787,1.0,30077
1233,4.132252,1.0,30145
1234,4.074058,1.0,30149
1235,3.974347,1.0,27286
1236,3.891206,1.0,30157
1237,3.789284,1.0,30146
1238,3.932951,1.0,30030
1239,4.058298,1.0,30151
1240,4.107015,1.0,30148
1241,4.02946,1.0,28335
1242,3.963578,1.0,30149
1243,3.867082,1.0,30147
1244,3.796944,1.0,30147
1245,3.72003,1.0,30143
1246,3.864387,1.0,29823
1247,3.864173,1.0,30166
1248,3.872473,1.0,30132
1249,3.908328,1.0,30139
1250,3.882489,1.0,30142
1251,3.923508,1.0,30145
1252,3.848615,1.0,30131
1253,3.747557,1.0,30152
1254,3.694699,1.0,30151
1255,3.781694,1.0,30160
1256,3.887969,1.0,30142
1257,3.832954,1.0,30099
1258,3.746501,1.0,30156
1259,3.87691,1.0,30168
1260,3.995043,1.0,29695
1261,4.024583,1.0,30152
1262,4.038921,1.0,30022
1263,4.058406,1.0,30151
1264,4.005278,1.0,30101
1265,3.903277,1.0,30160
1266,3.801681,1.0,30147
1267,3.756205,1.0,30159
1268,3.717706,1.0,30162
1269,3.612334,1.0,28486
1270,3.558791,1.0,30168
1271,3.497648,1.0,30177
1272,3.691818,1.0,30146
1273,3.797411,1.0,30165
1274,3.812684,1.0,30162
1275,3.833251,1.0,30152
1276,3.75657,1.0,28707
1277,3.862142,1.0,30163
1278,3.966073,1.0,30166
1279,3.802516,1.0,30170
1280,3.713423,1.0,30150
1281,3.629096,1.0,29722
1282,3.597707,1.0,30140
1283,3.565671,1.0,30176
1284,3.587754,1.0,30166
1285,3.581992,1.0,30159
1286,3.742799,1.0,30055
1287,3.880299,1.0,30170
1288,3.890645,1.0,28544
1289,3.989355,1.0,30159
1290,4.021429,1.0,30153
1291,3.885226,1.0,30162
1292,3.95854,1.0,30152
1293,4.005179,1.0,30163
1294,4.062918,1.0,30156
1295,4.013854,1.0,30180
1296,3.90997,1.0,30177
1297,4.024623,1.0,30064
1298,4.150795,1.0,30165
1299,4.01464,1.0,30167
1300,4.135731,1.0,30167
1301,4.189448,1.0,30174
1302,4.164892,1.0,29807
1303,4.116835,1.0,30168
1304,4.061016,1.0,30173
1305,4.025215,1.0,30162
1306,4.151867,1.0,30161
1307,4.036678,1.0,29874
1308,3.940013,1.0,30176
1309,3.820081,1.0,30165
1310,3.713499,1.0,30165
1311,3.585278,1.0,30165
1312,3.522024,1.0,30147
1313,3.44891,1.0,30157
1314,3.426842,1.0,30150
1315,3.347958,1.0,30117
1316,3.301025,1.0,30152
1317,3.326818,1.0,30152
1318,3.530996,1.0,30162
1319,3.559241,1.0,30168
1320,3.647841,1.0,30156
1321,3.760014,1.0,30127
1322,3.619423,1.0,28638
1323,3.514244,1.0,29854
1324,3.395505,1.0,30158
1325,3.380703,1.0,30166
1326,3.519134,1.0,30178
1327,3.650398,1.0,30168
1328,3.727637,1.0,30164
1329,3.832365,1.0,30152
1330,3.956336,1.0,30141
1331,3.853755,1.0,30178
1332,3.955278,1.0,30171
1333,3.826974,1.0,30145
1334,3.839046,1.0,30157
1335,3.946456,1.0,30145
1336,3.897728,1.0,30144
1337,4.053035,1.0,30145
1338,3.963504,1.0,30141
1339,4.04766,1.0,30160
1340,3.887372,1.0,29987
1341,3.814486,1.0,30149
1342,3.734291,1.0,30144
1343,3.643133,1.0,30071
1344,3.616624,1.0,30179
1345,3.758568,1.0,30155
1346,3.76521,1.0,30159
1347,3.894551,1.0,29400
1348,3.831418,1.0,30173
1349,3.867145,1.0,30162
1350,3.959819,1.0,30169
1351,3.986053,1.0,30163
1352,3.881489,1.0,30164
1353,3.768081,1.0,30158
1354,3.74998,1.0,30148
1355,3.90291,1.0,30156
1356,4.009757,1.0,30184
1357,4.110601,1.0,30094
1358,4.090561,1.0,30165
1359,4.034091,1.0,30151
1360,4.107233,1.0,30153
1361,4.113129,1.0,30162
1362,4.202323,1.0,30160
1363,4.120378,1.0,30170
1364,3.978288,1.0,30158
1365,3.916308,1.0,30158
1366,3.794093,1.0,30131
1367,3.739093,1.0,30130
1368,3.651526,1.0,28631
1369,3.799372,1.0,30167
1370,3.773542,1.0,29627
1371,3.773614,1.0,30162
1372,3.930684,1.0,30158
1373,4.043315,1.0,30167
1374,4.165159,1.0,30051
1375,4.176813,1.0,30151
1376,4.097664,1.0,30153
1377,3.955152,1.0,29231
1378,4.082847,1.0,30052
1379,4.184688,1.0,28722
1380,4.240531,1.0,30160
1381,4.262532,1.0,30157
1382,4.329707,1.0,30155
1383,4.128893,1.0,30159
1384,4.058573,1.0,27196
1385,3.927795,1.0,30169
1386,3.814996,1.0,30160
1387,3.913757,1.0,30171
1388,3.80013,1.0,30168
1389,3.904271,1.0,29713
1390,4.014936,1.0,30165
1391,4.096291,1.0,30160
1392,4.103155,1.0,30158
1393,4.128902,1.0,30153
1394,4.213459,1.0,30097
1395,4.294859,1.0,30113
1396,4.367191,1.0,30161
1397,4.415654,1.0,29626
1398,4.269216,1.0,30166
1399,4.121571,1.0,29053
1400,4.006053,1.0,30161
1401,3.940769,1.0,30158
1402,3.852163,1.0,30158
1403,3.735732,1.0,30166
1404,3.846372,1.0,30176
1405,3.914544,1.0,30181
1406,3.999763,1.0,26107
1407,3.991767,1.0,30176
1408,3.838474,1.0,30168
1409,3.879887,1.0,30168
1410,3.88892,1.0,29913
1411,3.809481,1.0,30174
1412,3.871922,1.0,28388
1413,3.879315,1.0,30187
1414,3.885904,1.0,30174
1415,3.813409,1.0,28698
1416,3.726238,1.0,30167
1417,3.62688,1.0,30189
1418,3.527238,1.0,30166
1419,3.390866,1.0,30047
1420,3.414373,1.0,30166
1421,3.385901,1.0,30173
1422,3.30439,1.0,30164
1423,3.258331,1.0,30165
1424,3.251178,1.0,30174
1425,3.246946,1.0,30170
1426,3.411265,1.0,30162
1427,3.486233,1.0,30151
1428,3.369129,1.0,30171
1429,3.292487,1.0,30188
1430,3.245742,1.0,30175
1431,3.237254,1.0,30164
1432,3.384188,1.0,30167
1433,3.373394,1.0,30041
1434,3.275253,1.0,30176
1435,3.249511,1.0,30180
1436,3.319201,1.0,30168
1437,3.492063,1.0,30168
1438,3.681137,1.0,30155
1439,3.647128,1.0,30142
1440,3.667244,1.0,30173
1441,3.651862,1.0,30179
1442,3.769203,1.0,30176
1443,3.889313,1.0,30147
1444,3.90184,1.0,30156
1445,3.92942,1.0,30162
1446,3.827688,1.0,30167
1447,3.962408,1.0,30161
1448,3.791427,1.0,30157
1449,3.680972,1.0,30154
1450,3.599189,1.0,30163
1451,3.49276,1.0,30167
1452,3.456333,1.0,30159
1453,3.620482,1.0,30173
1454,3.749221,1.0,30005
1455,3.873849,1.0,30130
1456,3.873728,1.0,30153
1457,3.946023,1.0,30160
1458,4.007906,1.0,30151
1459,3.860728,1.0,30164
1460,3.78555,1.0,30156
1461,3.849992,1.0,28606
1462,3.900302,1.0,30176
1463,3.938126,1.0,30173
1464,4.043342,1.0,30172
1465,3.987197,1.0,30157
1466,3.915042,1.0,30182
1467,3.789556,1.0,29354
1468,3.758751,1.0,30163
1469,3.614346,1.0,30172
1470,3.514914,1.0,30146
1471,3.412924,1.0,30170
1472,3.340193,1.0,30165
1473,3.282024,1.0,30172
1474,3.202477,1.0,30172
1475,3.18935,1.0,30170
1476,3.167914,1.0,30163
1477,3.31636,1.0,30154
1478,3.260113,1.0,30171
1479,3.266597,1.0,29795
1480,3.409312,1.0,30163
1481,3.545727,1.0,30160
1482,3.66657,1.0,30162
1483,3.528967,1.0,30163
1484,3.353035,1.0,30150
1485,3.297818,1.0,30167
1486,3.21291,1.0,30174
1487,3.152672,1.0,29936
1488,3.099238,1.0,30125
1489,3.187124,1.0,30134
1490,3.167703,1.0,30182
1491,3.139968,1.0,30151
1492,3.023007,1.0,30157
1493,2.964851,1.0,30089
1494,3.163777,1.0,30156
1495,3.078075,1.0,28623
1496,3.143388,1.0,30159
1497,3.227805,1.0,30160
1498,3.386013,1.0,30161
1499,3.48139,1.0,30167
1500,3.377051,1.0,30167
1501,3.316273,1.0,30111
1502,3.392224,1.0,30176
1503,3.527532,1.0,30159
1504,3.66902,1.0,30154
1505,3.777979,1.0,30167
1506,3.850314,1.0,30166
1507,3.767662,1.0,28707
1508,3.720534,1.0,30168
1509,3.777367,1.0,30159
1510,3.870768,1.0,30157
1511,3.917939,1.0,30163
1512,3.851205,1.0,30161
1513,3.714884,1.0,29860
1514,3.677645,1.0,29513
1515,3.642264,1.0,30163
1516,3.623477,1.0,30148
1517,3.73792,1.0,30162
1518,3.817279,1.0,30163
1519,3.824547,1.0,30168
1520,3.736018,1.0,30154
1521,3.591016,1.0,30149
1522,3.513831,1.0,30134
1523,3.630037,1.0,30155
1524,3.676209,1.0,30166
1525,3.565373,1.0,30167
1526,3.516646,1.0,30052
1527,3.428084,1.0,30158
1528,3.37691,1.0,30166
1529,3.425055,1.0,30160
1530,3.446896,1.0,30154
1531,3.5933,1.0,30123
1532,3.723025,1.0,30163
1533,3.836631,1.0,30166
1534,3.824897,1.0,29737
1535,3.700705,1.0,30170
1536,3.624006,1.0,30155
1537,3.554227,1.0,30164
1538,3.44694,1.0,30170
1539,3.364509,1.0,30167
1540,3.271752,1.0,30160
1541,3.201908,1.0,30164
1542,3.315985,1.0,30170
1543,3.400461,1.0,30118
1544,3.324384,1.0,30169
1545,3.374973,1.0,30160
1546,3.531244,1.0,30148
1547,3.561793,1.0,30149
1548,3.401372,1.0,30166
1549,3.459815,1.0,30171
1550,3.485314,1.0,30147
1551,3.57026,1.0,30104
1552,3.52255,1.0,28510
1553,3.646582,1.0,28628
1554,3.64226,1.0,30162
1555,3.529645,1.0,30158
1556,3.425889,1.0,30169
1557,3.335202,1.0,30170
1558,3.302024,1.0,29053
1559,3.28853,1.0,30164
1560,3.406667,1.0,30165
1561,3.364349,1.0,30160
1562,3.430889,1.0,30169
1563,3.345239,1.0,29898
1564,3.340734,1.0,30175
1565,3.496511,1.0,30167
1566,3.638646,1.0,30159
1567,3.58442,1.0,30172
1568,3.695796,1.0,29701
1569,3.755168,1.0,29389
1570,3.713016,1.0,30161
1571,3.771417,1.0,30168
1572,3.786147,1.0,28963
1573,3.834327,1.0,30165
1574,3.855971,1.0,30170
1575,3.860325,1.0,30169
1576,3.717546,1.0,30149
1577,3.668492,1.0,30157
1578,3.748699,1.0,30162
1579,3.856482,1.0,30152
1580,3.678707,1.0,30155
1581,3.521,1.0,30162
1582,3.428777,1.0,29510
1583,3.408266,1.0,30162
1584,3.303146,1.0,30166
1585,3.272687,1.0,30165
1586,3.188478,1.0,30176
1587,3.314364,1.0,30170
1588,3.231345,1.0,30168
1589,3.201179,1.0,29738
1590,3.276234,1.0,30175
1591,3.393007,1.0,30173
1592,3.505881,1.0,30167
1593,3.628473,1.0,29401
1594,3.721629,1.0,30157
1595,3.644056,1.0,30166
1596,3.507822,1.0,30108
1597,3.438153,1.0,30173
1598,3.523043,1.0,30161
1599,3.640905,1.0,28839
1600,3.734275,1.0,30159
1601,3.825411,1.0,30161
1602,3.87166,1.0,30160
1603,3.869011,1.0,29659
1604,3.673331,1.0,30163
1605,3.778728,1.0,30054
1606,3.832084,1.0,30160
1607,3.849186,1.0,29609
1608,3.752946,1.0,30156
1609,3.810003,1.0,30126
1610,3.676435,1.0,30131
1611,3.600428,1.0,30167
1612,3.485363,1.0,30158
1613,3.390293,1.0,30009
1614,3.417804,1.0,30148
1615,3.53473,1.0,30159
1616,3.655876,1.0,30157
1617,3.613875,1.0,30144
1618,3.490911,1.0,30151
1619,3.551146,1.0,30156
1620,3.627567,1.0,30157
1621,3.719488,1.0,30160
1622,3.822862,1.0,30155
1623,3.892729,1.0,30162
1624,3.895298,1.0,30180
1625,3.887679,1.0,30134
1626,3.826123,1.0,30154
1627,3.699819,1.0,30153
1628,3.583612,1.0,30155
1629,3.517159,1.0,30162
1630,3.411756,1.0,30158
1631,3.299753,1.0,30145
1632,3.213653,1.0,30013
1633,3.139287,1.0,30159
1634,3.089976,1.0,30163
1635,3.034157,1.0,30091
1636,3.105524,1.0,30176
1637,3.089286,1.0,30157
1638,3.091179,1.0,30159
1639,3.03683,1.0,30160
1640,2.933009,1.0,30124
1641,2.926345,1.0,30154
1642,2.920241,1.0,26089
1643,2.923896,1.0,30130
1644,2.850588,1.0,29862
1645,2.760073,1.0,28663
1646,2.700276,1.0,30147
1647,2.696738,1.0,30160
1648,2.671235,1.0,30161
1649,2.613837,1.0,30159
1650,2.594708,1.0,30165
1651,2.695606,1.0,30155
1652,2.794566,1.0,30146
1653,2.78239,1.0,30072
1654,2.793847,1.0,30151
1655,2.905213,1.0,30160
1656,3.075644,1.0,30157
1657,3.244637,1.0,30160
1658,3.334238,1.0,30153
1659,3.304646,1.0,30157
1660,3.308146,1.0,30164
1661,3.244113,1.0,30146
1662,3.369294,1.0,30092
1663,3.372764,1.0,30070
1664,3.496679,1.0,30150
1665,3.356743,1.0,29983
1666,3.259662,1.0,30103
1667,3.160985,1.0,30144
1668,3.151438,1.0,29781
1669,3.022658,1.0,30148
1670,2.928276,1.0,30153
1671,2.830303,1.0,29965
1672,2.820861,1.0,28440
1673,2.959523,1.0,30152
1674,3.142806,1.0,30069
1675,3.263226,1.0,30161
1676,3.290534,1.0,30153
1677,3.312892,1.0,29528
1678,3.395667,1.0,29724
1679,3.373106,1.0,30151
1680,3.472739,1.0,30157
1681,3.538877,1.0,30029
1682,3.413635,1.0,30156
1683,3.343111,1.0,30165
1684,3.246794,1.0,30169
1685,3.224175,1.0,30144
1686,3.127837,1.0,30155
1687,3.026031,1.0,30157
1688,3.001283,1.0,30162
1689,2.98668,1.0,30168
1690,2.977765,1.0,28639
1691,3.013592,1.0,29411
1692,3.157427,1.0,30161
1693,3.244487,1.0,30160
1694,3.227459,1.0,30149
1695,3.294651,1.0,30162
1696,3.412152,1.0,30174
1697,3.453753,1.0,25253
1698,3.439089,1.0,30166
1699,3.398091,1.0,30153
1700,3.499901,1.0,30159
1701,3.432621,1.0,30160
1702,3.555833,1.0,30162
1703,3.556446,1.0,30074
1704,3.446407,1.0,30165
1705,3.343777,1.0,30168
1706,3.201991,1.0,30154
1707,3.166798,1.0,25632
1708,3.272869,1.0,30175
1709,3.390242,1.0,30168
1710,3.499504,1.0,30171
1711,3.545215,1.0,30172
1712,3.408025,1.0,29780
1713,3.313827,1.0,30141
1714,3.398025,1.0,30171
1715,3.510446,1.0,30175
1716,3.448821,1.0,30168
1717,3.514961,1.0,30169
1718,3.447001,1.0,30153
1719,3.387172,1.0,30172
1720,3.239348,1.0,30171
1721,3.204848,1.0,29830
1722,3.154872,1.0,30164
1723,3.058219,1.0,30152
1724,3.012991,1.0,30152
1725,3.00146,1.0,30152
1726,2.98188,1.0,30151
1727,2.982648,1.0,30152
1728,2.89434,1.0,30159
1729,2.854475,1.0,30045
1730,2.992165,1.0,30163
1731,3.079805,1.0,30162
1732,3.221569,1.0,30020
1733,3.370829,1.0,30174
1734,3.475024,1.0,30124
1735,3.524379,1.0,30145
1736,3.594087,1.0,30153
1737,3.643967,1.0,28747
1738,3.512654,1.0,30158
1739,3.410833,1.0,30146
1740,3.307191,1.0,29803
1741,3.204837,1.0,30163
1742,3.112428,1.0,30160
1743,3.147258,1.0,30160
1744,3.23167,1.0,30164
1745,3.315526,1.0,30158
1746,3.394404,1.0,30168
1747,3.482575,1.0,30166
1748,3.46379,1.0,30176
1749,3.591431,1.0,30158
1750,3.67763,1.0,30156
1751,3.710212,1.0,30150
1752,3.550507,1.0,30142
1753,3.438551,1.0,30148
1754,3.306285,1.0,30136
1755,3.188616,1.0,30082
1756,3.113333,1.0,30171
1757,3.049713,1.0,30158
1758,3.002441,1.0,30160
1759,3.066523,1.0,30150
1760,2.938422,1.0,30147
1761,2.920999,1.0,30156
1762,2.985307,1.0,30150
1763,3.14817,1.0,30146
1764,3.278203,1.0,30160
1765,3.209891,1.0,30148
1766,3.169021,1.0,30162
1767,3.092694,1.0,30166
1768,2.956909,1.0,30165
1769,3.041789,1.0,30164
1770,3.191336,1.0,30167
1771,3.338656,1.0,30169
1772,3.447385,1.0,30159
1773,3.472271,1.0,30031
1774,3.427066,1.0,30160
1775,3.300175,1.0,30153
1776,3.43445,1.0,30160
1777,3.519727,1.0,30170
1778,3.539887,1.0,30166
1779,3.595551,1.0,30161
1780,3.601793,1.0,30160
1781,3.528972,1.0,30176
1782,3.5428,1.0,30170
1783,3.617994,1.0,28227
1784,3.693109,1.0,30164
1785,3.731949,1.0,30127
1786,3.623233,1.0,30161
1787,3.45534,1.0,30157
1788,3.549533,1.0,30125
1789,3.658989,1.0,29842
1790,3.709833,1.0,30156
1791,3.552492,1.0,29936
1792,3.448497,1.0,30177
1793,3.350785,1.0,30021
1794,3.286806,1.0,30033
1795,3.169725,1.0,30180
1796,3.153577,1.0,30040
1797,3.146783,1.0,30162
1798,3.277638,1.0,30151
1799,3.344203,1.0,30144
1800,3.456229,1.0,30156
1801,3.506805,1.0,30160
1802,3.588668,1.0,30157
1803,3.659067,1.0,30161
1804,3.644115,1.0,30061
1805,3.516101,1.0,30173
1806,3.538612,1.0,30165
1807,3.38582,1.0,30148
1808,3.315739,1.0,30158
1809,3.219423,1.0,30156
1810,3.110235,1.0,30143
1811,3.255028,1.0,30153
1812,3.325215,1.0,30161
1813,3.38141,1.0,29876
1814,3.376185,1.0,30162
1815,3.350725,1.0,30162
1816,3.222019,1.0,30164
1817,3.161235,1.0,30176
1818,3.185113,1.0,30163
1819,3.080436,1.0,29893
1820,2.996756,1.0,30156
1821,2.959555,1.0,30137
1822,2.880402,1.0,30159
1823,3.03613,1.0,30153
1824,3.158267,1.0,30165
1825,3.190378,1.0,30160
1826,3.325069,1.0,29426
1827,3.450179,1.0,30162
1828,3.52835,1.0,30158
1829,3.414966,1.0,28750
1830,3.325546,1.0,30161
1831,3.23982,1.0,30156
1832,3.163817,1.0,30150
1833,3.167928,1.0,30154
1834,3.214239,1.0,30158
1835,3.186999,1.0,30161
1836,3.277571,1.0,30157
1837,3.3149,1.0,30162
1838,3.240398,1.0,30162
1839,3.131742,1.0,30170
1840,3.08639,1.0,30160
1841,3.079324,1.0,30180
1842,3.19584,1.0,30157
1843,3.278698,1.0,30097
1844,3.340328,1.0,30142
1845,3.24202,1.0,30153
1846,3.126666,1.0,30134
1847,3.069173,1.0,30158
1848,3.00141,1.0,29868
1849,3.133123,1.0,30147
1850,3.024573,1.0,30158
1851,2.981967,1.0,30166
1852,2.914712,1.0,30167
1853,2.810441,1.0,30164
1854,2.79996,1.0,30151
1855,2.783609,1.0,30156
1856,2.718544,1.0,30161
1857,2.704227,1.0,30164
1858,2.696503,1.0,30136
1859,2.650287,1.0,30163
1860,2.739866,1.0,30168
1861,2.680597,1.0,29955
1862,2.624025,1.0,30154
1863,2.558199,1.0,30155
1864,2.567753,1.0,30098
1865,2.597959,1.0,30164
1866,2.60587,1.0,30174
1867,2.584803,1.0,30137
1868,2.763397,1.0,30163
1869,2.909726,1.0,30093
1870,2.912126,1.0,30128
1871,2.833809,1.0,30027
1872,2.811159,1.0,30147
1873,2.747322,1.0,30155
1874,2.747736,1.0,30147
1875,2.846409,1.0,28690
1876,2.946146,1.0,28737
1877,3.04,1.0,30166
1878,3.112562,1.0,30160
1879,3.068108,1.0,30158
1880,3.151444,1.0,29620
1881,3.049264,1.0,30156
1882,2.953087,1.0,30162
1883,3.005233,1.0,30154
1884,3.144727,1.0,30157
1885,3.204867,1.0,30146
1886,3.128987,1.0,30148
1887,2.999037,1.0,30157
1888,2.935728,1.0,30156
1889,2.855866,1.0,30146
1890,2.794113,1.0,29823
1891,2.744812,1.0,30163
1892,2.769398,1.0,30160
1893,2.856988,1.0,30160
1894,2.887133,1.0,30127
1895,2.972123,1.0,30157
1896,3.071111,1.0,30155
1897,3.138637,1.0,30159
1898,3.047668,1.0,30157
1899,2.946372,1.0,30159
1900,3.042278,1.0,30172
1901,3.133432,1.0,30151
1902,3.024548,1.0,30127
1903,3.135594,1.0,30167
1904,3.222279,1.0,28410
1905,3.259287,1.0,30168
1906,3.215714,1.0,30160
1907,3.339239,1.0,30159
1908,3.418246,1.0,28863
1909,3.505855,1.0,30130
1910,3.570189,1.0,30161
1911,3.449595,1.0,30157
1912,3.364712,1.0,30156
1913,3.446418,1.0,30157
1914,3.431138,1.0,29966
1915,3.433043,1.0,30173
1916,3.363975,1.0,30145
1917,3.16985,1.0,30155
1918,3.084612,1.0,30130
1919,3.04098,1.0,30151
1920,2.988368,1.0,30161
1921,2.889221,1.0,28643
1922,2.755037,1.0,27384
1923,2.868442,1.0,30030
1924,2.802324,1.0,30161
1925,2.700813,1.0,30165
1926,2.617929,1.0,30176
1927,2.527416,1.0,30178
1928,2.502264,1.0,30180
1929,2.474723,1.0,30159
1930,2.43034,1.0,29790
1931,2.401361,1.0,30154
1932,2.486946,1.0,30149
1933,2.680666,1.0,30154
1934,2.825813,1.0,30148
1935,2.948155,1.0,30140
1936,3.100872,1.0,30159
1937,3.243491,1.0,30164
1938,3.184184,1.0,30163
1939,3.135731,1.0,30160
1940,3.25334,1.0,29186
1941,3.242524,1.0,30161
1942,3.346535,1.0,29986
1943,3.380625,1.0,30155
1944,3.464944,1.0,30164
1945,3.556093,1.0,30159
1946,3.511556,1.0,30165
1947,3.385473,1.0,30170
1948,3.277891,1.0,30162
1949,3.240071,1.0,30066
1950,3.342174,1.0,30171
1951,3.286108,1.0,30168
1952,3.19487,1.0,30164
1953,3.104374,1.0,30168
1954,3.130897,1.0,30156
1955,3.284041,1.0,30162
1956,3.337486,1.0,30026
1957,3.24677,1.0,30017
1958,3.2756,1.0,30161
1959,3.438088,1.0,30159
1960,3.413281,1.0,30163
1961,3.474878,1.0,30143
1962,3.361612,1.0,30163
1963,3.395441,1.0,30171
1964,3.394569,1.0,30165
1965,3.37335,1.0,30163
1966,3.466902,1.0,30173
1967,3.390633,1.0,28545
1968,3.201024,1.0,28725
1969,3.218084,1.0,30155
1970,3.284093,1.0,30161
1971,3.375101,1.0,30177
1972,3.446279,1.0,29734
1973,3.414383,1.0,30170
1974,3.361691,1.0,30170
1975,3.231365,1.0,30124
1976,3.274013,1.0,30174
1977,3.298088,1.0,30172
1978,3.336503,1.0,30169
1979,3.24231,1.0,30166
1980,3.149662,1.0,30160
1981,3.000268,1.0,30171
1982,3.02037,1.0,30165
1983,3.129192,1.0,30170
1984,3.171993,1.0,30161
1985,3.233649,1.0,30166
1986,3.140172,1.0,30165
1987,3.046311,1.0,30158
1988,2.972399,1.0,30161
1989,2.993053,1.0,30173
1990,2.927244,1.0,29694
1991,2.871541,1.0,30160
1992,2.906976,1.0,30160
1993,3.020845,1.0,29946
1994,3.11203,1.0,30158
1995,3.000838,1.0,30160
1996,2.988177,1.0,30164
1997,2.949394,1.0,30162
1998,2.833659,1.0,30171
1999,2.985882,1.0,30155
2000,3.130316,1.0,30166
2001,3.156445,1.0,30306
2002,3.03775,1.0,30303
2003,2.931494,1.0,30228
2004,2.834301,1.0,30312
2005,2.789126,1.0,30306
2006,2.851819,1.0,30287
2007,2.789602,1.0,30297
2008,2.777807,1.0,30300
2009,2.713928,1.0,30257
2010,2.82213,1.0,30293
2011,2.962064,1.0,30309
2012,2.905028,1.0,30276
2013,3.031798,1.0,30309
2014,2.935274,1.0,27753
2015,2.951102,1.0,30283
2016,3.048754,1.0,30286
2017,3.081699,1.0,30172
2018,2.988951,1.0,30260
2019,2.900785,1.0,30291
2020,2.821946,1.0,30232
2021,2.769966,1.0,30285
2022,2.756157,1.0,30274
2023,2.890719,1.0,30268
2024,3.034052,1.0,30295
2025,3.062524,1.0,30270
2026,3.103619,1.0,30257
2027,2.997807,1.0,30240
2028,2.957986,1.0,27477
2029,2.923574,1.0,30272
2030,2.844729,1.0,30211
2031,2.942764,1.0,30279
2032,3.055511,1.0,30239
2033,3.09759,1.0,30203
2034,3.162688,1.0,30179
2035,3.256186,1.0,30178
2036,3.292874,1.0,30182
2037,3.426047,1.0,30174
2038,3.48819,1.0,28136
2039,3.556767,1.0,30149
2040,3.401472,1.0,30159
2041,3.272495,1.0,30170
2042,3.145267,1.0,30170
2043,3.282646,1.0,29519
2044,3.378235,1.0,30105
2045,3.326525,1.0,30165
2046,3.233201,1.0,30173
2047,3.255671,1.0,30164
2048,3.144122,1.0,30167
2049,3.031962,1.0,29667
2050,3.04181,1.0,30105
2051,2.942527,1.0,30164
2052,2.97661,1.0,30169
2053,2.866312,1.0,30163
2054,2.762275,1.0,30158
2055,2.779398,1.0,30154
2056,2.801385,1.0,30157
2057,2.896331,1.0,30154
2058,2.978674,1.0,30161
2059,3.024392,1.0,30173
2060,2.96273,1.0,28625
2061,2.848713,1.0,30155
2062,2.768483,1.0,30157
2063,2.777747,1.0,29712
2064,2.902086,1.0,30085
2065,3.051736,1.0,30159
2066,3.067911,1.0,30164
2067,2.950539,1.0,30159
2068,2.813764,1.0,29879
2069,2.76826,1.0,30165
2070,2.671823,1.0,30015
2071,2.586368,1.0,30164
2072,2.757723,1.0,30165
2073,2.795364,1.0,30159
2074,2.787056,1.0,30146
2075,2.777447,1.0,30152
2076,2.774647,1.0,30146
2077,2.697707,1.0,30105
2078,2.629917,1.0,30159
2079,2.555333,1.0,30161
2080,2.508572,1.0,30158
2081,2.595553,1.0,30158
2082,2.684003,1.0,30156
2083,2.795857,1.0,30173
2084,2.865947,1.0,30167
2085,2.761821,1.0,30162
2086,2.891558,1.0,30143
2087,3.015788,1.0,30151
2088,3.093101,1.0,30138
2089,2.984878,1.0,30157
2090,2.877699,1.0,30145
2091,2.77439,1.0,28085
2092,2.755576,1.0,30154
2093,2.71772,1.0,30163
2094,2.851111,1.0,30144
2095,2.920551,1.0,30167
2096,3.021129,1.0,30173
2097,3.13111,1.0,29913
2098,3.189719,1.0,30114
2099,3.283228,1.0,30165
2100,3.366027,1.0,30166
2101,3.280836,1.0,30083
2102,3.13873,1.0,30148
2103,3.031295,1.0,30159
2104,2.859089,1.0,30158
2105,2.784443,1.0,27447
2106,2.805976,1.0,30153
2107,2.921583,1.0,28464
2108,3.004431,1.0,28875
2109,3.079775,1.0,30127
2110,3.192231,1.0,30158
2111,3.229143,1.0,30162
2112,3.229318,1.0,30158
2113,3.106662,1.0,29685
2114,3.012447,1.0,30161
2115,2.938898,1.0,30156
2116,2.978085,1.0,30157
2117,3.100771,1.0,30151
2118,3.130841,1.0,30161
2119,3.072813,1.0,29944
2120,3.038811,1.0,30163
2121,2.96328,1.0,30152
2122,2.896406,1.0,30154
2123,2.819524,1.0,30150
2124,3.004286,1.0,30156
2125,3.122366,1.0,30153
2126,3.157376,1.0,30156
2127,3.216588,1.0,30144
2128,3.32065,1.0,30167
2129,3.290397,1.0,29924
2130,3.33776,1.0,30166
2131,3.443306,1.0,29995
2132,3.444661,1.0,30171
2133,3.503214,1.0,30143
2134,3.583244,1.0,30152
2135,3.475181,1.0,30164
2136,3.324151,1.0,30113
2137,3.212876,1.0,29955
2138,3.127983,1.0,30165
2139,3.004373,1.0,30113
2140,2.861124,1.0,29912
2141,2.76605,1.0,28712
2142,2.855854,1.0,30142
2143,2.990289,1.0,30138
2144,3.121411,1.0,30165
2145,3.218821,1.0,30144
2146,3.325943,1.0,30167
2147,3.213304,1.0,30164
2148,3.094417,1.0,30149
2149,2.992953,1.0,30070
2150,2.878868,1.0,30164
2151,2.810986,1.0,30178
2152,2.722279,1.0,30174
2153,2.659875,1.0,28732
2154,2.641213,1.0,30066
2155,2.622525,1.0,30160
2156,2.58532,1.0,30152
2157,2.551034,1.0,30151
2158,2.432815,1.0,30142
2159,2.567224,1.0,30162
2160,2.700412,1.0,29595
2161,2.71178,1.0,30148
2162,2.690071,1.0,30144
2163,2.712495,1.0,29723
2164,2.855412,1.0,30158
2165,2.788187,1.0,29661
2166,2.702487,1.0,30150
2167,2.63499,1.0,30134
2168,2.59666,1.0,30173
2169,2.699914,1.0,30156
2170,2.827486,1.0,30152
2171,2.707564,1.0,29904
2172,2.587438,1.0,30072
2173,2.51537,1.0,30149
2174,2.471521,1.0,30164
2175,2.660334,1.0,30149
2176,2.80193,1.0,30156
2177,2.89712,1.0,30157
2178,3.011828,1.0,30157
2179,3.087611,1.0,30151
2180,3.203693,1.0,30178
2181,3.243943,1.0,30129
2182,3.256281,1.0,28066
2183,3.264187,1.0,30142
2184,3.202703,1.0,30157
2185,3.189864,1.0,30172
2186,3.135625,1.0,30146
2187,2.998837,1.0,30135
2188,2.870872,1.0,30144
2189,2.970627,1.0,30141
2190,2.874536,1.0,29795
2191,2.932879,1.0,30021
2192,2.848908,1.0,30170
2193,2.803867,1.0,30151
2194,2.843588,1.0,30159
2195,2.779079,1.0,30160
2196,2.806625,1.0,30172
2197,2.74844,1.0,30163
2198,2.643552,1.0,30152
2199,2.59128,1.0,30161
2200,2.728238,1.0,28585
2201,2.836417,1.0,30164
2202,2.95667,1.0,30159
2203,3.013843,1.0,30161
2204,3.035644,1.0,30029
2205,3.033932,1.0,30165
2206,2.940539,1.0,30171
2207,2.84053,1.0,29763
2208,2.761721,1.0,30152
2209,2.70092,1.0,29886
2210,2.703047,1.0,30163
2211,2.675844,1.0,30167
2212,2.57958,1.0,30162
2213,2.51805,1.0,30157
2214,2.442184,1.0,30164
2215,2.593349,1.0,30162
2216,2.617707,1.0,30185
2217,2.543898,1.0,30175
2218,2.659981,1.0,29547
2219,2.786373,1.0,30164
2220,2.862161,1.0,30025
2221,2.7701,1.0,30163
2222,2.608811,1.0,30168
2223,2.515742,1.0,30048
2224,2.487482,1.0,30160
2225,2.459703,1.0,30167
2226,2.437894,1.0,30145
2227,2.398163,1.0,30164
2228,2.348428,1.0,29617
2229,2.280779,1.0,30167
2230,2.276085,1.0,30108
2231,2.241865,1.0,30168
2232,2.374169,1.0,30157
2233,2.343008,1.0,30148
2234,2.318988,1.0,30133
2235,2.418193,1.0,29982
2236,2.354552,1.0,30172
2237,2.294583,1.0,30150
2238,2.256183,1.0,30150
2239,2.216141,1.0,30163
2240,2.172837,1.0,28850
2241,2.329835,1.0,30169
2242,2.397203,1.0,30166
2243,2.349043,1.0,30166
2244,2.314057,1.0,30166
2245,2.302628,1.0,28579
2246,2.251464,1.0,30025
2247,2.405605,1.0,30146
2248,2.555239,1.0,30131
2249,2.59654,1.0,30162
2250,2.547263,1.0,30069
2251,2.505088,1.0,30160
2252,2.451733,1.0,30176
2253,2.469373,1.0,30148
2254,2.510967,1.0,30144
2255,2.683499,1.0,30169
2256,2.65279,1.0,30170
2257,2.653336,1.0,30162
2258,2.77937,1.0,30051
2259,2.777491,1.0,30164
2260,2.66296,1.0,30163
2261,2.5936,1.0,30166
2262,2.656606,1.0,30177
2263,2.532704,1.0,30159
2264,2.43009,1.0,30175
2265,2.533049,1.0,30165
2266,2.57143,1.0,29783
2267,2.553879,1.0,30154
2268,2.690936,1.0,30162
2269,2.745758,1.0,30169
2270,2.737988,1.0,30030
2271,2.671821,1.0,30152
2272,2.583228,1.0,30149
2273,2.532045,1.0,30157
2274,2.435177,1.0,30170
2275,2.353883,1.0,30155
2276,2.302022,1.0,30158
2277,2.251302,1.0,30165
2278,2.243155,1.0,30169
2279,2.368679,1.0,30020
2280,2.525491,1.0,30030
2281,2.678088,1.0,30165
2282,2.624493,1.0,30163
2283,2.511732,1.0,30164
2284,2.433987,1.0,30162
2285,2.377845,1.0,30176
2286,2.355314,1.0,30152
2287,2.376139,1.0,30152
2288,2.367205,1.0,29918
2289,2.50777,1.0,30150
2290,2.545178,1.0,30159
2291,2.680206,1.0,30154
2292,2.596887,1.0,28675
2293,2.529242,1.0,29890
2294,2.471674,1.0,29923
2295,2.406963,1.0,29853
2296,2.334813,1.0,30165
2297,2.314803,1.0,30174
2298,2.478891,1.0,30168
2299,2.598626,1.0,30161
2300,2.730303,1.0,30169
2301,2.763944,1.0,30161
2302,2.762777,1.0,30160
2303,2.839952,1.0,30166
2304,2.881666,1.0,30162
2305,2.981879,1.0,30172
2306,2.935793,1.0,30174
2307,3.021733,1.0,30159
2308,2.903528,1.0,30161
2309,2.796045,1.0,30161
2310,2.77821,1.0,30161
2311,2.662403,1.0,30168
2312,2.667979,1.0,30168
2313,2.748185,1.0,29640
2314,2.664726,1.0,30160
2315,2.572614,1.0,30062
2316,2.663787,1.0,30177
2317,2.771664,1.0,30169
2318,2.726403,1.0,30163
2319,2.635281,1.0,30165
2320,2.590772,1.0,30168
2321,2.504703,1.0,30160
2322,2.551912,1.0,30161
2323,2.537031,1.0,30171
2324,2.522254,1.0,30172
2325,2.516609,1.0,30169
2326,2.438955,1.0,30158
2327,2.366108,1.0,30163
2328,2.495776,1.0,29814
2329,2.63008,1.0,30170
2330,2.728768,1.0,30115
2331,2.794232,1.0,30169
2332,2.878379,1.0,28654
2333,2.926435,1.0,30156
2334,3.014851,1.0,30171
2335,2.93582,1.0,30138
2336,3.020885,1.0,30164
2337,3.054424,1.0,30164
2338,3.113888,1.0,28627
2339,3.049268,1.0,30168
2340,3.139427,1.0,30145
2341,3.188644,1.0,30184
2342,3.066768,1.0,30182
2343,3.138044,1.0,30120
2344,3.208777,1.0,29966
2345,3.244837,1.0,30173
2346,3.282794,1.0,30164
2347,3.157446,1.0,27700
2348,3.011496,1.0,30160
2349,3.007624,1.0,30138
2350,2.977506,1.0,20015
2351,3.039801,1.0,30182
2352,2.997372,1.0,30204
2353,3.075975,1.0,30206
2354,2.976892,1.0,30202
2355,2.836081,1.0,30210
2356,2.729616,1.0,30207
2357,2.640309,1.0,30131
2358,2.548816,1.0,30200
2359,2.663885,1.0,30203
2360,2.677004,1.0,30205
2361,2.759877,1.0,30198
2362,2.684504,1.0,30209
2363,2.828386,1.0,30163
2364,2.742533,1.0,30151
2365,2.672482,1.0,30164
2366,2.573898,1.0,30160
2367,2.535069,1.0,30153
2368,2.423423,1.0,30204
2369,2.371511,1.0,30186
2370,2.320667,1.0,30171
2371,2.285116,1.0,30186
2372,2.268214,1.0,30187
2373,2.350557,1.0,30180
2374,2.422859,1.0,30167
2375,2.453876,1.0,30201
2376,2.511351,1.0,30200
2377,2.435117,1.0,30204
2378,2.409869,1.0,30202
2379,2.382812,1.0,30203
2380,2.271261,1.0,30210
2381,2.244443,1.0,30208
2382,2.173105,1.0,29456
2383,2.13517,1.0,28614
2384,2.091114,1.0,30207
2385,2.089706,1.0,30202
2386,2.026467,1.0,30214
2387,2.05743,1.0,30210
2388,2.081526,1.0,30200
2389,2.22552,1.0,30213
2390,2.347105,1.0,30205
2391,2.424947,1.0,30213
2392,2.400445,1.0,30211
2393,2.509437,1.0,30210
2394,2.478122,1.0,30213
2395,2.599827,1.0,30207
2396,2.634353,1.0,30203
2397,2.727521,1.0,30206
2398,2.623103,1.0,30206
2399,2.661156,1.0,30208
2400,2.605114,1.0,30211
2401,2.723034,1.0,30140
2402,2.811636,1.0,30203
2403,2.728026,1.0,30198
2404,2.617685,1.0,30129
2405,2.543812,1.0,30155
2406,2.457637,1.0,30155
2407,2.383137,1.0,30156
2408,2.376081,1.0,29595
2409,2.288517,1.0,30153
2410,2.303093,1.0,30149
2411,2.409596,1.0,30159
2412,2.530021,1.0,30151
2413,2.56025,1.0,30091
2414,2.637712,1.0,30165
2415,2.729723,1.0,30169
2416,2.747371,1.0,30154
2417,2.808346,1.0,26097
2418,2.879202,1.0,28539
2419,2.867723,1.0,30159
2420,2.761753,1.0,28849
2421,2.638868,1.0,30124
2422,2.666619,1.0,30150
2423,2.565835,1.0,30157
2424,2.510854,1.0,30159
2425,2.446861,1.0,25494
2426,2.349397,1.0,30153
2427,2.285394,1.0,30008
2428,2.262946,1.0,30136
2429,2.332384,1.0,28502
2430,2.352609,1.0,29947
2431,2.481921,1.0,30167
2432,2.594244,1.0,30169
2433,2.624422,1.0,29930
2434,2.70055,1.0,30177
2435,2.720944,1.0,29938
2436,2.619897,1.0,30210
2437,2.554741,1.0,30167
2438,2.488954,1.0,30142
2439,2.403004,1.0,30148
2440,2.355356,1.0,30155
2441,2.29283,1.0,30154
2442,2.257958,1.0,29869
2443,2.245046,1.0,30152
2444,2.240038,1.0,30158
2445,2.193973,1.0,30160
2446,2.220339,1.0,30151
2447,2.25205,1.0,30164
2448,2.367918,1.0,30044
2449,2.364872,1.0,30159
2450,2.325578,1.0,30169
2451,2.275634,1.0,30132
2452,2.273847,1.0,30028
2453,2.416682,1.0,30097
2454,2.463364,1.0,30094
2455,2.397592,1.0,30144
2456,2.354491,1.0,30147
2457,2.255849,1.0,30125
2458,2.217722,1.0,30031
2459,2.194143,1.0,30169
2460,2.148421,1.0,30193
2461,2.081095,1.0,30193
2462,2.047617,1.0,30201
2463,1.964864,1.0,30171
2464,1.914807,1.0,30176
2465,1.832561,1.0,29888
2466,2.015292,1.0,30127
2467,2.139153,1.0,30206
2468,2.299489,1.0,30200
2469,2.41324,1.0,30154
2470,2.482851,1.0,30155
2471,2.551626,1.0,30021
2472,2.646388,1.0,30027
2473,2.585858,1.0,30159
2474,2.597573,1.0,30178
2475,2.489464,1.0,28502
2476,2.459183,1.0,28597
2477,2.318096,1.0,30162
2478,2.254086,1.0,29487
2479,2.211933,1.0,30177
2480,2.134977,1.0,30053
2481,2.201882,1.0,30159
2482,2.300859,1.0,30158
2483,2.394358,1.0,30161
2484,2.485352,1.0,30152
2485,2.608972,1.0,30164
2486,2.706081,1.0,30166
2487,2.77799,1.0,30151
2488,2.719788,1.0,30199
2489,2.797406,1.0,30191
2490,2.688464,1.0,30196
2491,2.599813,1.0,30181
2492,2.521878,1.0,30160
2493,2.534196,1.0,30183
2494,2.469904,1.0,30180
2495,2.386572,1.0,30165
2496,2.328948,1.0,30002
2497,2.300303,1.0,30158
2498,2.42359,1.0,30150
2499,2.323045,1.0,30135
2500,2.429669,1.0,30136
2501,2.520983,1.0,30147
2502,2.47307,1.0,27629
2503,2.400632,1.0,30094
2504,2.306217,1.0,29737
2505,2.456889,1.0,30165
2506,2.557938,1.0,30189
2507,2.511946,1.0,30196
2508,2.55412,1.0,30158
2509,2.613902,1.0,30156
2510,2.686953,1.0,30161
2511,2.696747,1.0,30116
2512,2.564582,1.0,30163
2513,2.458905,1.0,30133
2514,2.535152,1.0,30144
2515,2.597588,1.0,30106
2516,2.67694,1.0,30211
2517,2.612669,1.0,30170
2518,2.683633,1.0,30157
2519,2.772879,1.0,30051
2520,2.848177,1.0,30171
2521,2.753153,1.0,28722
2522,2.701027,1.0,30195
2523,2.623143,1.0,30193
2524,2.574953,1.0,30192
2525,2.531908,1.0,30175
2526,2.530829,1.0,30136
2527,2.625622,1.0,30146
2528,2.58916,1.0,30159
2529,2.506749,1.0,30165
2530,2.396523,1.0,30165
2531,2.411157,1.0,30195
2532,2.567511,1.0,30193
2533,2.546365,1.0,30197
2534,2.577592,1.0,30130
2535,2.773144,1.0,30043
2536,2.837237,1.0,30165
2537,2.895345,1.0,30145
2538,2.918457,1.0,27086
2539,2.970612,1.0,30155
2540,3.024109,1.0,30152
2541,3.068261,1.0,30181
2542,3.040108,1.0,30172
2543,2.900772,1.0,30054
2544,2.759166,1.0,30162
2545,2.714136,1.0,30106
2546,2.574945,1.0,30169
2547,2.47358,1.0,30163
2548,2.388993,1.0,30156
2549,2.372261,1.0,30155
2550,2.451888,1.0,30163
2551,2.543541,1.0,30121
2552,2.590397,1.0,30156
2553,2.572628,1.0,30148
2554,2.674474,1.0,30128
2555,2.625216,1.0,30135
2556,2.706059,1.0,30193
2557,2.715018,1.0,27301
2558,2.639233,1.0,30152
2559,2.646613,1.0,30070
2560,2.613457,1.0,30131
2561,2.650691,1.0,29924
2562,2.613713,1.0,30116
2563,2.612508,1.0,30062
2564,2.690999,1.0,30138
2565,2.605097,1.0,30156
2566,2.529149,1.0,30027
2567,2.452231,1.0,28191
2568,2.359639,1.0,30151
2569,2.272435,1.0,30166
2570,2.163048,1.0,29523
2571,2.06995,1.0,30167
2572,2.005444,1.0,30202
2573,2.126181,1.0,30185
2574,2.11874,1.0,30130
2575,2.103757,1.0,30165
2576,2.037174,1.0,30175
2577,1.987306,1.0,30122
2578,1.992903,1.0,28802
2579,2.030654,1.0,30133
2580,2.144475,1.0,30151
2581,2.214636,1.0,30149
2582,2.208128,1.0,29529
2583,2.230228,1.0,27372
2584,2.247616,1.0,30179
2585,2.170877,1.0,30166
2586,2.136736,1.0,30121
2587,2.118965,1.0,29762
2588,2.235666,1.0,30166
2589,2.193649,1.0,30172
2590,2.267773,1.0,30175
2591,2.270202,1.0,29412
2592,2.337467,1.0,30192
2593,2.423043,1.0,30194
2594,2.461785,1.0,30182
2595,2.515262,1.0,30169
2596,2.527633,1.0,30155
2597,2.440976,1.0,30144
2598,2.53508,1.0,30076
2599,2.427162,1.0,30126
2600,2.359962,1.0,29960
2601,2.274505,1.0,30101
2602,2.285414,1.0,30037
2603,2.337396,1.0,29953
2604,2.389656,1.0,30138
2605,2.459308,1.0,30163
2606,2.50155,1.0,30123
2607,2.59568,1.0,30078
2608,2.670324,1.0,30069
2609,2.606567,1.0,30090
2610,2.505153,1.0,30025
2611,2.404862,1.0,30086
2612,2.488006,1.0,30108
2613,2.494963,1.0,27598
2614,2.570833,1.0,30101
2615,2.644908,1.0,29427
2616,2.72072,1.0,30127
2617,2.741204,1.0,30151
2618,2.731957,1.0,30138
2619,2.610717,1.0,30091
2620,2.489951,1.0,30113
2621,2.487539,1.0,30135
2622,2.582422,1.0,30161
2623,2.662723,1.0,30140
2624,2.554848,1.0,30133
2625,2.452371,1.0,30106
2626,2.440272,1.0,30109
2627,2.376329,1.0,30114
2628,2.278271,1.0,30111
2629,2.201524,1.0,30107
2630,2.163172,1.0,30113
2631,2.183936,1.0,30130
2632,2.316091,1.0,30162
2633,2.299705,1.0,30115
2634,2.338827,1.0,30172
2635,2.443937,1.0,28798
2636,2.368292,1.0,23650
2637,2.303511,1.0,26190
2638,2.369986,1.0,30119
2639,2.45673,1.0,30113
2640,2.498386,1.0,30126
2641,2.409616,1.0,29944
2642,2.447419,1.0,30124
2643,2.36033,1.0,30164
2644,2.291035,1.0,30159
2645,2.203737,1.0,30010
2646,2.278992,1.0,30168
2647,2.295171,1.0,30156
2648,2.21533,1.0,30133
2649,2.172954,1.0,30120
2650,2.247174,1.0,30115
2651,2.319259,1.0,30192
2652,2.413635,1.0,30112
2653,2.439271,1.0,30148
2654,2.392644,1.0,30156
2655,2.32087,1.0,30148
2656,2.369208,1.0,30099
2657,2.269889,1.0,30070
2658,2.280003,1.0,28934
2659,2.22224,1.0,30032
2660,2.247989,1.0,27650
2661,2.348249,1.0,30108
2662,2.454404,1.0,30114
2663,2.464254,1.0,29838
2664,2.546782,1.0,30092
2665,2.401981,1.0,30100
2666,2.314683,1.0,30113
2667,2.254532,1.0,30135
2668,2.234038,1.0,30126
2669,2.196606,1.0,30127
2670,2.300146,1.0,30088
2671,2.307786,1.0,30114
2672,2.420671,1.0,29939
2673,2.46681,1.0,30140
2674,2.558999,1.0,30025
2675,2.531008,1.0,30132
2676,2.595117,1.0,30079
2677,2.662955,1.0,30054
2678,2.685749,1.0,30002
2679,2.725801,1.0,30015
2680,2.719046,1.0,30092
2681,2.704899,1.0,29992
2682,2.717956,1.0,30118
2683,2.636674,1.0,30093
2684,2.651845,1.0,30126
2685,2.507563,1.0,30113
2686,2.409787,1.0,29627
2687,2.350374,1.0,30161
2688,2.427913,1.0,30179
2689,2.472382,1.0,30173
2690,2.377984,1.0,30050
2691,2.268869,1.0,30151
2692,2.278508,1.0,30125
2693,2.337281,1.0,30018
2694,2.40308,1.0,30103
2695,2.440508,1.0,30138
2696,2.406968,1.0,30177
2697,2.490633,1.0,30079
2698,2.442814,1.0,30111
2699,2.451892,1.0,30137
2700,2.329974,1.0,30062
2701,2.221753,1.0,30109
2702,2.332106,1.0,30118
2703,2.375483,1.0,30099
2704,2.269458,1.0,29499
2705,2.213987,1.0,30148
2706,2.121423,1.0,28195
2707,2.060377,1.0,30128
2708,2.142941,1.0,30128
2709,2.250419,1.0,29842
2710,2.194819,1.0,30129
2711,2.157466,1.0,30126
2712,2.225772,1.0,30108
2713,2.191235,1.0,30118
2714,2.324885,1.0,30037
2715,2.396974,1.0,30132
2716,2.300711,1.0,29972
2717,2.240476,1.0,30143
2718,2.143335,1.0,30149
2719,2.105926,1.0,30186
2720,2.087458,1.0,30185
2721,2.176041,1.0,30183
2722,2.281521,1.0,30187
2723,2.355206,1.0,29848
2724,2.286458,1.0,29861
2725,2.244776,1.0,30043
2726,2.179112,1.0,29534
2727,2.127234,1.0,30131
2728,2.05615,1.0,29936
2729,2.03856,1.0,30113
2730,2.171731,1.0,30067
2731,2.240449,1.0,30119
2732,2.319747,1.0,30131
2733,2.252662,1.0,30131
2734,2.157627,1.0,30182
2735,2.106019,1.0,30130
2736,2.057494,1.0,30083
2737,1.996088,1.0,30143
2738,2.019994,1.0,30104
2739,1.974323,1.0,30164
2740,1.940647,1.0,30153
2741,1.953353,1.0,30186
2742,1.883517,1.0,30168
2743,1.92858,1.0,30092
2744,2.022186,1.0,30120
2745,2.084562,1.0,30073
2746,2.138458,1.0,30151
2747,2.086576,1.0,30061
2748,2.079786,1.0,29694
2749,2.156404,1.0,30139
2750,2.091246,1.0,30113
2751,2.101604,1.0,30027
2752,2.173807,1.0,29971
2753,2.104445,1.0,27814
2754,2.019659,1.0,30173
2755,1.969629,1.0,30134
2756,1.935681,1.0,29461
2757,1.868852,1.0,30112
2758,1.827564,1.0,30092
2759,1.799464,1.0,30124
2760,1.770958,1.0,29666
2761,1.88658,1.0,30039
2762,2.05262,1.0,30016
2763,2.145117,1.0,30154
2764,2.211787,1.0,29871
2765,2.187117,1.0,30130
2766,2.134748,1.0,30116
2767,2.070814,1.0,29336
2768,1.972639,1.0,30118
2769,2.09896,1.0,30109
2770,2.176431,1.0,30128
2771,2.257972,1.0,30125
2772,2.360283,1.0,30166
2773,2.449687,1.0,30181
2774,2.465747,1.0,30189
2775,2.534429,1.0,30181
2776,2.55463,1.0,30131
2777,2.549014,1.0,30126
2778,2.440017,1.0,30166
2779,2.352892,1.0,29238
2780,2.255611,1.0,30119
2781,2.285056,1.0,30148
2782,2.372363,1.0,30097
2783,2.42032,1.0,30146
2784,2.462234,1.0,30162
2785,2.563992,1.0,30171
2786,2.570502,1.0,30115
2787,2.503679,1.0,30076
2788,2.466061,1.0,30122
2789,2.414781,1.0,30124
2790,2.412599,1.0,30089
2791,2.388907,1.0,30126
2792,2.30718,1.0,30120
2793,2.398682,1.0,30150
2794,2.456536,1.0,30144
2795,2.494627,1.0,30127
2796,2.562562,1.0,30118
2797,2.606103,1.0,30123
2798,2.490815,1.0,30165
2799,2.419286,1.0,27635
2800,2.373786,1.0,30121
2801,2.41716,1.0,30192
2802,2.452965,1.0,30024
2803,2.479792,1.0,30124
2804,2.391513,1.0,29384
2805,2.303486,1.0,30116
2806,2.222186,1.0,30094
2807,2.134996,1.0,30110
2808,2.110526,1.0,30160
2809,2.077588,1.0,28776
2810,2.190775,1.0,30146
2811,2.27011,1.0,30186
2812,2.186794,1.0,30190
2813,2.13635,1.0,30138
2814,2.110305,1.0,30154
2815,2.104815,1.0,30128
2816,2.067542,1.0,30126
2817,1.934678,1.0,30156
2818,1.882714,1.0,30128
2819,1.957306,1.0,29465
2820,2.075832,1.0,30123
2821,2.107361,1.0,30122
2822,2.2273,1.0,29920
2823,2.160528,1.0,30126
2824,2.086791,1.0,30084
2825,2.184748,1.0,30128
2826,2.097954,1.0,30094
2827,2.076484,1.0,29795
2828,2.06064,1.0,30129
2829,2.037268,1.0,30059
2830,2.108469,1.0,29943
2831,2.21049,1.0,30191
2832,2.32,1.0,30177
2833,2.281484,1.0,30135
2834,2.255657,1.0,30184
2835,2.310335,1.0,30162
2836,2.374876,1.0,28365
2837,2.446358,1.0,30089
2838,2.364547,1.0,30186
2839,2.280148,1.0,28053
2840,2.205177,1.0,30117
2841,2.11585,1.0,30071
2842,2.16043,1.0,30101
2843,2.157528,1.0,30099
2844,2.114984,1.0,30128
2845,2.174713,1.0,27979
2846,2.245903,1.0,30156
2847,2.318325,1.0,30142
2848,2.389966,1.0,30125
2849,2.307747,1.0,30129
2850,2.245456,1.0,30073
2851,2.192191,1.0,30165
2852,2.100427,1.0,30198
2853,2.06061,1.0,30200
2854,2.160252,1.0,27664
2855,2.202007,1.0,29977
2856,2.151179,1.0,30109
2857,2.104724,1.0,30170
2858,2.049485,1.0,30197
2859,2.024947,1.0,30192
2860,1.946213,1.0,30133
2861,1.902201,1.0,30121
2862,1.857935,1.0,30173
2863,1.953719,1.0,30104
2864,2.063517,1.0,30158
2865,2.172769,1.0,29884
2866,2.246139,1.0,30030
2867,2.175969,1.0,30162
2868,2.264716,1.0,30163
2869,2.218425,1.0,30149
2870,2.359795,1.0,30172
2871,2.382557,1.0,27045
2872,2.43571,1.0,30154
2873,2.383247,1.0,30158
2874,2.310935,1.0,30187
2875,2.214266,1.0,29374
2876,2.119364,1.0,30154
2877,2.222154,1.0,30180
2878,2.168093,1.0,30147
2879,2.096037,1.0,30129
2880,2.204098,1.0,30149
2881,2.282279,1.0,30150
2882,2.389908,1.0,29492
2883,2.376525,1.0,30166
2884,2.394179,1.0,30172
2885,2.320812,1.0,30184
2886,2.214895,1.0,30087
2887,2.135473,1.0,27294
2888,2.070015,1.0,30153
2889,2.03748,1.0,30156
2890,1.965278,1.0,30159
2891,1.910461,1.0,30153
2892,1.842582,1.0,27864
2893,1.779265,1.0,30161
2894,1.746071,1.0,30154
2895,1.705003,1.0,30153
2896,1.734585,1.0,29936
2897,1.873497,1.0,29710
2898,2.016937,1.0,30163
2899,2.130433,1.0,30103
2900,2.172849,1.0,30077
2901,2.249542,1.0,30159
2902,2.354931,1.0,30065
2903,2.295741,1.0,30141
2904,2.253349,1.0,30136
2905,2.146631,1.0,30074
2906,2.070191,1.0,30158
2907,2.150931,1.0,29990
2908,2.185667,1.0,30037
2909,2.268494,1.0,30136
2910,2.195796,1.0,30183
2911,2.131511,1.0,30183
2912,2.060611,1.0,30049
2913,2.158555,1.0,30169
2914,2.24845,1.0,30194
2915,2.21344,1.0,30103
2916,2.245568,1.0,30207
2917,2.360219,1.0,29722
2918,2.382247,1.0,30184
2919,2.447376,1.0,30160
2920,2.356769,1.0,30163
2921,2.412126,1.0,30156
2922,2.321433,1.0,30149
2923,2.267391,1.0,30193
2924,2.209563,1.0,30183
2925,2.102317,1.0,30173
2926,2.006579,1.0,30137
2927,2.085468,1.0,30095
2928,2.193553,1.0,30139
2929,2.244722,1.0,30216
2930,2.251816,1.0,29031
2931,2.167141,1.0,30083
2932,2.184415,1.0,30175
2933,2.298618,1.0,30072
2934,2.255053,1.0,30192
2935,2.197593,1.0,30203
2936,2.106103,1.0,30186
2937,1.993309,1.0,30090
2938,2.077035,1.0,29898
2939,2.055088,1.0,28069
2940,2.171085,1.0,28364
2941,2.231577,1.0,30173
2942,2.193236,1.0,30148
2943,2.276962,1.0,30163
2944,2.283215,1.0,30174
2945,2.299191,1.0,30196
2946,2.219641,1.0,29314
2947,2.126485,1.0,30211
2948,2.073893,1.0,29456
2949,1.980917,1.0,30175
2950,2.068115,1.0,30157
2951,2.035657,1.0,30174
2952,1.968732,1.0,30172
2953,1.939104,1.0,30164
2954,2.038565,1.0,30160
2955,1.952839,1.0,29516
2956,1.912953,1.0,30163
2957,1.8862,1.0,28328
2958,2.003982,1.0,30158
2959,2.069123,1.0,29781
2960,1.992827,1.0,30163
2961,2.08928,1.0,30161
2962,2.045615,1.0,30168
2963,1.998875,1.0,30200
2964,1.925913,1.0,30168
2965,1.880682,1.0,30181
2966,1.851689,1.0,30160
2967,1.8747,1.0,29881
2968,1.896745,1.0,28076
2969,1.907929,1.0,30158
2970,2.031652,1.0,30170
2971,2.044181,1.0,29740
2972,2.009222,1.0,30154
2973,1.992401,1.0,30189
2974,1.952479,1.0,29816
2975,1.904839,1.0,30160
2976,1.882234,1.0,30155
2977,1.812043,1.0,29658
2978,1.743636,1.0,30167
2979,1.718806,1.0,30172
2980,1.729913,1.0,30183
2981,1.836634,1.0,30159
2982,1.789911,1.0,28188
2983,1.755849,1.0,30135
2984,1.800568,1.0,28281
2985,1.796648,1.0,30171
2986,1.941639,1.0,30115
2987,2.033593,1.0,30159
2988,2.008386,1.0,30189
2989,1.964771,1.0,30087
2990,1.897296,1.0,30159
2991,1.933431,1.0,28414
2992,2.043733,1.0,30139
2993,2.117245,1.0,30161
2994,2.146904,1.0,30159
2995,2.163356,1.0,30167
2996,2.230356,1.0,30034
2997,2.326367,1.0,30162
2998,2.35957,1.0,30168
2999,2.340796,1.0,30161
3000,2.423967,1.0,30262
3001,2.464766,1.0,30396
3002,2.504755,1.0,30317
3003,2.535412,1.0,30295
3004,2.570678,1.0,30293
3005,2.56534,1.0,30287
3006,2.602439,1.0,28509
3007,2.632283,1.0,30270
3008,2.598228,1.0,30291
3009,2.493034,1.0,30072
3010,2.363643,1.0,30293
3011,2.289319,1.0,30287
3012,2.211445,1.0,30210
3013,2.152897,1.0,30285
3014,2.064961,1.0,29943
3015,2.153523,1.0,30283
3016,2.074968,1.0,30287
3017,2.01291,1.0,30283
3018,2.087963,1.0,30269
3019,2.108585,1.0,30270
3020,2.056984,1.0,30272
3021,1.972935,1.0,30079
3022,1.90314,1.0,30278
3023,1.967592,1.0,30277
3024,1.942516,1.0,30315
3025,1.930452,1.0,30320
3026,1.967295,1.0,30317
3027,2.061626,1.0,30335
3028,2.145697,1.0,30333
3029,2.124818,1.0,30318
3030,2.149564,1.0,26647
3031,2.068579,1.0,30277
3032,1.998729,1.0,30277
3033,1.917366,1.0,25274
3034,1.908651,1.0,30272
3035,1.878475,1.0,29789
3036,1.972191,1.0,30261
3037,2.065516,1.0,30254
3038,2.110602,1.0,30267
3039,2.211045,1.0,29453
3040,2.296568,1.0,29430
3041,2.340274,1.0,29988
3042,2.318828,1.0,30199
3043,2.226886,1.0,30248
3044,2.144145,1.0,30195
3045,2.047244,1.0,30223
3046,1.978103,1.0,30185
3047,1.930324,1.0,30155
3048,1.991156,1.0,30150
3049,1.995612,1.0,26713
3050,1.965164,1.0,30158
3051,1.885498,1.0,30149
3052,1.824737,1.0,30152
3053,1.786735,1.0,30156
3054,1.85231,1.0,30159
3055,1.944925,1.0,30161
3056,1.885194,1.0,27549
3057,1.813637,1.0,30159
3058,1.763245,1.0,30129
3059,1.722544,1.0,30155
3060,1.840078,1.0,30131
3061,1.914343,1.0,30141
3062,2.02218,1.0,30159
3063,2.010694,1.0,29797
3064,2.106773,1.0,30154
3065,2.08913,1.0,30156
3066,2.151642,1.0,30149
3067,2.155654,1.0,30212
3068,2.18128,1.0,29742
3069,2.221978,1.0,30213
3070,2.211005,1.0,30185
3071,2.282018,1.0,30194
3072,2.342262,1.0,30207
3073,2.413605,1.0,30189
3074,2.452505,1.0,30023
3075,2.433267,1.0,29867
3076,2.322511,1.0,28815
3077,2.224846,1.0,30183
3078,2.161628,1.0,30138
3079,2.232858,1.0,30156
3080,2.16864,1.0,29968
3081,2.115731,1.0,30204
3082,2.132627,1.0,30172
3083,2.218057,1.0,30200
3084,2.274792,1.0,30195
3085,2.198158,1.0,30212
3086,2.097781,1.0,29880
3087,2.131805,1.0,30205
3088,2.212097,1.0,30207
3089,2.24199,1.0,30170
3090,2.306377,1.0,29523
3091,2.293262,1.0,29991
3092,2.206617,1.0,30147
3093,2.113706,1.0,30140
3094,2.024276,1.0,30107
3095,1.941403,1.0,30151
3096,1.893459,1.0,30177
3097,1.842881,1.0,29670
3098,1.923226,1.0,30112
3099,1.865402,1.0,30212
3100,1.968213,1.0,30209
3101,1.913134,1.0,30186
3102,1.886834,1.0,30180
3103,1.884088,1.0,30149
3104,1.835797,1.0,30177
3105,1.784322,1.0,30158
3106,1.813546,1.0,30084
3107,1.764399,1.0,27270
3108,1.723284,1.0,30132
3109,1.687739,1.0,30142
3110,1.686006,1.0,30163
3111,1.787755,1.0,30203
3112,1.907895,1.0,30097
3113,1.986692,1.0,29685
3114,2.058516,1.0,28758
3115,2.144884,1.0,30112
3116,2.126224,1.0,30162
3117,2.041809,1.0,29856
3118,1.945541,1.0,29445
3119,1.958657,1.0,30201
3120,1.896931,1.0,30205
3121,1.865205,1.0,30204
3122,1.784162,1.0,28696
3123,1.716356,1.0,30197
3124,1.781764,1.0,27153
3125,1.735157,1.0,30179
3126,1.81122,1.0,30204
3127,1.870152,1.0,27408
3128,1.980421,1.0,30210
3129,2.002091,1.0,29950
3130,2.071667,1.0,30164
3131,2.158186,1.0,30180
3132,2.209362,1.0,28176
3133,2.289265,1.0,30145
3134,2.293633,1.0,30150
3135,2.193357,1.0,30143
3136,2.093383,1.0,30135
3137,2.012831,1.0,29726
3138,2.016481,1.0,30143
3139,2.018007,1.0,30159
3140,1.954441,1.0,30154
3141,1.896129,1.0,29426
3142,1.853863,1.0,30149
3143,1.770587,1.0,30142
3144,1.760885,1.0,30137
3145,1.731656,1.0,30095
3146,1.745776,1.0,30140
3147,1.813357,1.0,30159
3148,1.906326,1.0,30077
3149,1.996709,1.0,30200
3150,2.019103,1.0,28914
3151,2.081884,1.0,30145
3152,2.146926,1.0,30172
3153,2.159935,1.0,30142
3154,2.214034,1.0,30151
3155,2.231063,1.0,30121
3156,2.172545,1.0,30144
3157,2.087541,1.0,30130
3158,2.001397,1.0,30122
3159,1.910153,1.0,29833
3160,1.989123,1.0,30145
3161,2.065327,1.0,30145
3162,1.999592,1.0,30145
3163,1.933159,1.0,30184
3164,1.840857,1.0,30163
3165,1.782783,1.0,29877
3166,1.76841,1.0,30131
3167,1.719968,1.0,30119
3168,1.816189,1.0,27612
3169,1.884681,1.0,30140
3170,1.977243,1.0,30140
3171,2.067698,1.0,30103
3172,2.134014,1.0,30148
3173,2.090486,1.0,30148
3174,1.981023,1.0,30143
3175,1.929256,1.0,30144
3176,1.862589,1.0,30155
3177,1.832627,1.0,30153
3178,1.789594,1.0,30148
3179,1.754247,1.0,30145
3180,1.725507,1.0,30113
3181,1.704089,1.0,26973
3182,1.733647,1.0,30127
3183,1.790559,1.0,30168
3184,1.839029,1.0,30174
3185,1.900562,1.0,30173
3186,1.905041,1.0,30173
3187,1.982029,1.0,30202
3188,1.915987,1.0,30201
3189,1.844147,1.0,30207
3190,1.891205,1.0,30197
3191,1.88805,1.0,30184
3192,1.82223,1.0,30187
3193,1.79086,1.0,30182
3194,1.766624,1.0,30193
3195,1.83739,1.0,30170
3196,1.77331,1.0,30150
3197,1.730093,1.0,30151
3198,1.664198,1.0,30135
3199,1.634478,1.0,30147
3200,1.738066,1.0,28438
3201,1.755434,1.0,30139
3202,1.771688,1.0,29912
3203,1.750626,1.0,30150
3204,1.840864,1.0,30151
3205,1.896005,1.0,30152
3206,1.9457,1.0,30125
3207,1.914571,1.0,30148
3208,1.899732,1.0,30180
3209,1.910776,1.0,30142
3210,1.981343,1.0,30140
3211,1.989084,1.0,30142
3212,2.009776,1.0,30138
3213,1.971685,1.0,29739
3214,1.925012,1.0,28228
3215,1.857272,1.0,30145
3216,1.840443,1.0,30141
3217,1.825964,1.0,30160
3218,1.754276,1.0,30162
3219,1.80028,1.0,29800
3220,1.826334,1.0,30156
3221,1.764816,1.0,30175
3222,1.698595,1.0,30159
3223,1.700544,1.0,27198
3224,1.808815,1.0,30135
3225,1.821593,1.0,30168
3226,1.815134,1.0,30180
3227,1.814995,1.0,30151
3228,1.751404,1.0,25716
3229,1.68934,1.0,29867
3230,1.67198,1.0,30194
3231,1.611645,1.0,29911
3232,1.578521,1.0,30151
3233,1.629412,1.0,30185
3234,1.597719,1.0,30149
3235,1.63197,1.0,30151
3236,1.711408,1.0,29616
3237,1.81048,1.0,30143
3238,1.89385,1.0,30150
3239,1.927949,1.0,30150
3240,1.858967,1.0,30154
3241,1.798039,1.0,30146
3242,1.725585,1.0,30106
3243,1.819231,1.0,29709
3244,1.894325,1.0,30150
3245,1.928833,1.0,30153
3246,1.942899,1.0,30159
3247,1.966099,1.0,29780
3248,2.018131,1.0,30148
3249,2.024274,1.0,30147
3250,1.95243,1.0,30149
3251,1.884176,1.0,30111
3252,1.831443,1.0,30158
3253,1.814462,1.0,30160
3254,1.885579,1.0,30161
3255,1.794728,1.0,30153
3256,1.761687,1.0,29791
3257,1.704748,1.0,30154
3258,1.660615,1.0,28213
3259,1.633952,1.0,30148
3260,1.592885,1.0,28323
3261,1.568902,1.0,30138
3262,1.568466,1.0,30109
3263,1.542051,1.0,29996
3264,1.668948,1.0,30148
3265,1.76853,1.0,30131
3266,1.842973,1.0,30144
3267,1.817602,1.0,30150
3268,1.765472,1.0,30135
3269,1.705928,1.0,30150
3270,1.73431,1.0,30150
3271,1.776812,1.0,30149
3272,1.804409,1.0,30152
3273,1.846017,1.0,30015
3274,1.867956,1.0,30154
3275,1.931824,1.0,28309
3276,1.935112,1.0,30161
3277,1.857175,1.0,30158
3278,1.850365,1.0,29795
3279,1.882,1.0,29882
3280,1.82527,1.0,30170
3281,1.763869,1.0,30202
3282,1.707722,1.0,30203
3283,1.692861,1.0,30207
3284,1.64615,1.0,30202
3285,1.621832,1.0,30199
3286,1.574281,1.0,30207
3287,1.570569,1.0,30166
3288,1.661535,1.0,30152
3289,1.733851,1.0,26522
3290,1.743101,1.0,30159
3291,1.778012,1.0,30051
3292,1.803823,1.0,30125
3293,1.830591,1.0,30145
3294,1.857897,1.0,30152
3295,1.80654,1.0,30160
3296,1.877884,1.0,30197
3297,1.851113,1.0,30153
3298,1.943016,1.0,30031
3299,1.980948,1.0,30135
3300,2.02238,1.0,30107
3301,1.936131,1.0,30140
3302,1.855027,1.0,30141
3303,1.814606,1.0,30105
3304,1.773032,1.0,29660
3305,1.721674,1.0,28569
3306,1.678406,1.0,28886
3307,1.603086,1.0,30204
3308,1.559383,1.0,30195
3309,1.517412,1.0,30203
3310,1.542835,1.0,30195
3311,1.644423,1.0,30122
3312,1.644658,1.0,30167
3313,1.615681,1.0,30178
3314,1.608193,1.0,30125
3315,1.578673,1.0,30132
3316,1.534668,1.0,30153
3317,1.648761,1.0,30037
3318,1.741749,1.0,30136
3319,1.726193,1.0,30143
3320,1.710453,1.0,30121
3321,1.673359,1.0,30150
3322,1.651833,1.0,29985
3323,1.612926,1.0,30137
3324,1.598616,1.0,30019
3325,1.626843,1.0,30147
3326,1.703866,1.0,30134
3327,1.780806,1.0,30146
3328,1.827145,1.0,30142
3329,1.866262,1.0,30156
3330,1.940708,1.0,30148
3331,2.000397,1.0,30139
3332,2.086843,1.0,29964
3333,2.108663,1.0,30139
3334,2.162067,1.0,30160
3335,2.207053,1.0,30143
3336,2.244899,1.0,30164
3337,2.269596,1.0,30150
3338,2.148713,1.0,30191
3339,2.079407,1.0,30167
3340,1.976523,1.0,30134
3341,2.017061,1.0,30083
3342,2.070866,1.0,30150
3343,2.122063,1.0,30179
3344,2.119086,1.0,30174
3345,2.164564,1.0,30136
3346,2.173148,1.0,30019
3347,2.071342,1.0,30171
3348,1.97445,1.0,30126
3349,2.005876,1.0,30138
3350,2.051709,1.0,30122
3351,2.037843,1.0,30141
3352,2.048593,1.0,28135
3353,1.987656,1.0,30150
3354,1.985686,1.0,30140
3355,1.97073,1.0,30146
3356,1.907667,1.0,30062
3357,1.829299,1.0,30155
3358,1.771438,1.0,30167
3359,1.777508,1.0,30147
3360,1.814081,1.0,30159
3361,1.799045,1.0,29622
3362,1.747349,1.0,30156
3363,1.704369,1.0,29986
3364,1.621767,1.0,29961
3365,1.592577,1.0,30154
3366,1.576747,1.0,30150
3367,1.516917,1.0,30022
3368,1.462103,1.0,29522
3369,1.417706,1.0,30151
3370,1.38423,1.0,30149
3371,1.393514,1.0,30147
3372,1.386771,1.0,28767
3373,1.454128,1.0,30120
3374,1.440616,1.0,29841
3375,1.413924,1.0,30085
3376,1.418962,1.0,30053
3377,1.51715,1.0,30129
3378,1.5356,1.0,30080
3379,1.525652,1.0,30094
3380,1.492982,1.0,30159
3381,1.479238,1.0,30127
3382,1.430606,1.0,30169
3383,1.416828,1.0,30117
3384,1.378367,1.0,29767
3385,1.333729,1.0,30027
3386,1.365264,1.0,30160
3387,1.334065,1.0,30151
3388,1.379681,1.0,30155
3389,1.432838,1.0,30159
3390,1.525223,1.0,30155
3391,1.501405,1.0,30123
3392,1.479352,1.0,30153
3393,1.467613,1.0,28569
3394,1.480908,1.0,28555
3395,1.585795,1.0,30185
3396,1.518761,1.0,30155
3397,1.525488,1.0,30169
3398,1.538421,1.0,28774
3399,1.628145,1.0,30191
3400,1.697344,1.0,30168
3401,1.728186,1.0,30194
3402,1.702992,1.0,30206
3403,1.771859,1.0,30176
3404,1.717583,1.0,30168
3405,1.661752,1.0,30152
3406,1.653355,1.0,30156
3407,1.629574,1.0,30164
3408,1.596011,1.0,30159
3409,1.660587,1.0,30154
3410,1.716583,1.0,30115
3411,1.700005,1.0,30149
3412,1.646446,1.0,29711
3413,1.600804,1.0,30150
3414,1.600284,1.0,30019
3415,1.658291,1.0,30147
3416,1.637593,1.0,30143
3417,1.7223,1.0,30151
3418,1.791234,1.0,26613
3419,1.778171,1.0,30174
3420,1.81836,1.0,30194
3421,1.794865,1.0,30150
3422,1.74895,1.0,30191
3423,1.712535,1.0,30135
3424,1.663487,1.0,30129
3425,1.68084,1.0,30131
3426,1.763217,1.0,30060
3427,1.813302,1.0,30116
3428,1.747029,1.0,30190
3429,1.693457,1.0,30145
3430,1.758248,1.0,30132
3431,1.80837,1.0,30134
3432,1.847681,1.0,30187
3433,1.90504,1.0,30195
3434,1.972498,1.0,30111
3435,2.021794,1.0,30159
3436,2.065787,1.0,30133
3437,2.057751,1.0,29735
3438,1.950338,1.0,29976
3439,1.929931,1.0,30132
3440,1.971785,1.0,30150
3441,1.981744,1.0,30154
3442,1.900223,1.0,30149
3443,1.839438,1.0,30154
3444,1.811085,1.0,30182
3445,1.790089,1.0,28257
3446,1.853154,1.0,30182
3447,1.777833,1.0,30205
3448,1.704464,1.0,30205
3449,1.703147,1.0,30183
3450,1.762328,1.0,30167
3451,1.819802,1.0,30151
3452,1.846146,1.0,30153
3453,1.873026,1.0,30154
3454,1.812637,1.0,30184
3455,1.750538,1.0,30140
3456,1.684769,1.0,30164
3457,1.636074,1.0,30168
3458,1.666385,1.0,29762
3459,1.719484,1.0,30155
3460,1.742949,1.0,30181
3461,1.812374,1.0,30172
3462,1.774926,1.0,30139
3463,1.736871,1.0,30146
3464,1.689834,1.0,30084
3465,1.629177,1.0,30034
3466,1.609929,1.0,30148
3467,1.608478,1.0,30153
3468,1.650344,1.0,30148
3469,1.667898,1.0,30151
3470,1.672424,1.0,30153
3471,1.638878,1.0,30164
3472,1.601903,1.0,30153
3473,1.544546,1.0,30158
3474,1.487692,1.0,29773
3475,1.4473,1.0,30155
3476,1.420898,1.0,30116
3477,1.402829,1.0,30200
3478,1.41534,1.0,30209
3479,1.396142,1.0,30201
3480,1.471986,1.0,28240
3481,1.431647,1.0,30211
3482,1.51492,1.0,30205
3483,1.570377,1.0,30198
3484,1.630311,1.0,30145
3485,1.692854,1.0,30012
3486,1.722722,1.0,30155
3487,1.764209,1.0,30098
3488,1.715257,1.0,30207
3489,1.647846,1.0,30189
3490,1.642851,1.0,26204
3491,1.593373,1.0,28595
3492,1.516985,1.0,30145
3493,1.466911,1.0,30118
3494,1.441286,1.0,30079
3495,1.391594,1.0,30105
3496,1.470916,1.0,29793
3497,1.424693,1.0,30190
3498,1.382574,1.0,28744
3499,1.488544,1.0,30152
3500,1.516308,1.0,27678
3501,1.533646,1.0,29950
3502,1.501324,1.0,29709
3503,1.469841,1.0,30182
3504,1.441313,1.0,30120
3505,1.406876,1.0,30134
3506,1.401459,1.0,30169
3507,1.511672,1.0,30027
3508,1.569008,1.0,30155
3509,1.608089,1.0,30135
3510,1.551218,1.0,30127
3511,1.59871,1.0,30116
3512,1.70324,1.0,29974
3513,1.728819,1.0,30152
3514,1.714943,1.0,30087
3515,1.738252,1.0,28662
3516,1.677588,1.0,30129
3517,1.606473,1.0,30152
3518,1.551414,1.0,30135
3519,1.600493,1.0,30016
3520,1.678462,1.0,30144
3521,1.621943,1.0,30167
3522,1.613991,1.0,30126
3523,1.603779,1.0,30134
3524,1.662637,1.0,30146
3525,1.670588,1.0,30152
3526,1.735623,1.0,30051
3527,1.795059,1.0,30161
3528,1.799393,1.0,30205
3529,1.883491,1.0,30202
3530,1.944456,1.0,30211
3531,1.93401,1.0,30100
3532,1.991551,1.0,29796
3533,2.019948,1.0,30120
3534,1.951624,1.0,30156
3535,1.8705,0.99,30136
3536,1.77267,0.99,30161
3537,1.797063,0.99,28000
3538,1.827152,0.99,30147
3539,1.900956,0.99,30131
3540,1.840102,0.99,30028
3541,1.859504,0.99,30184
3542,1.894968,0.99,30204
3543,1.829909,0.99,30210
3544,1.726988,0.99,30210
3545,1.670684,0.99,30040
3546,1.623923,0.99,30188
3547,1.557134,0.99,30185
3548,1.564984,0.99,30144
3549,1.64946,0.99,30151
3550,1.595639,0.99,30151
3551,1.55024,0.99,30141
3552,1.505528,0.99,30164
3553,1.491758,0.99,30166
3554,1.497175,0.99,30186
3555,1.46949,0.99,30180
3556,1.46775,0.99,30147
3557,1.536727,0.99,30128
3558,1.642587,0.99,30147
3559,1.698996,0.99,30147
3560,1.686077,0.99,29366
3561,1.652753,0.99,30180
3562,1.61719,0.99,30184
3563,1.608568,0.99,30166
3564,1.561622,0.99,30156
3565,1.520853,0.99,29967
3566,1.495159,0.99,30199
3567,1.485811,0.99,30178
3568,1.565782,0.99,30157
3569,1.638294,0.99,30161
3570,1.715892,0.99,30045
3571,1.759563,0.99,30161
3572,1.732496,0.99,30147
3573,1.794732,0.99,30167
3574,1.759888,0.99,30145
3575,1.824862,0.99,30205
3576,1.77305,0.99,30146
3577,1.719021,0.99,30138
3578,1.669981,0.99,30128
3579,1.62053,0.99,30143
3580,1.60064,0.99,30150
3581,1.6506,0.99,30158
3582,1.722969,0.99,30146
3583,1.783894,0.99,30146
3584,1.834736,0.99,27997
3585,1.820895,0.99,30144
3586,1.808248,0.99,30048
3587,1.845258,0.99,30199
3588,1.792619,0.99,30156
3589,1.737336,0.99,30130
3590,1.675759,0.99,30145
3591,1.635098,0.99,30148
3592,1.631147,0.99,30062
3593,1.714091,0.99,30156
3594,1.654578,0.99,30155
3595,1.618105,0.99,30150
3596,1.603335,0.99,30092
3597,1.560082,0.99,30161
3598,1.566048,0.99,30156
3599,1.534935,0.99,30184
3600,1.638623,0.99,30190
3601,1.719039,0.99,30154
3602,1.806938,0.99,30154
3603,1.734729,0.98,30173
3604,1.802052,0.98,30121
3605,1.775118,0.98,30208
3606,1.751364,0.98,30113
3607,1.710596,0.98,30175
3608,1.6609,0.98,30140
3609,1.646052,0.98,30166
3610,1.586362,0.98,30116
3611,1.530839,0.98,30095
3612,1.481865,0.98,29987
3613,1.462481,0.98,30146
3614,1.499204,0.98,30143
3615,1.541475,0.98,29700
3616,1.649887,0.98,30144
3617,1.711467,0.98,30182
3618,1.793798,0.98,30159
3619,1.8735,0.98,30108
3620,1.914578,0.98,30131
3621,1.881865,0.98,30152
3622,1.798343,0.98,30159
3623,1.767412,0.98,30152
3624,1.697673,0.98,30150
3625,1.679463,0.98,30161
3626,1.604249,0.98,30188
3627,1.552937,0.98,30181
3628,1.528749,0.98,30207
3629,1.481308,0.98,30164
3630,1.481815,0.98,28744
3631,1.434423,0.98,30118
3632,1.395466,0.98,30162
3633,1.355277,0.98,29781
3634,1.392713,0.98,30161
3635,1.508397,0.98,30155
3636,1.590593,0.98,30144
3637,1.676761,0.98,30147
3638,1.745849,0.98,30150
3639,1.842691,0.98,30161
3640,1.888867,0.98,30155
3641,1.870149,0.98,30142
3642,1.790679,0.98,30005
3643,1.754257,0.98,30144
3644,1.710182,0.98,29994
3645,1.735661,0.98,30157
3646,1.779604,0.98,30164
3647,1.829394,0.98,30149
3648,1.723004,0.98,30155
3649,1.681598,0.98,30147
3650,1.689197,0.98,28561
3651,1.78478,0.98,30150
3652,1.761749,0.98,30150
3653,1.684095,0.98,30094
3654,1.623094,0.98,30156
3655,1.686013,0.98,30175
3656,1.726435,0.98,30152
3657,1.664648,0.98,30146
3658,1.65122,0.98,30118
3659,1.612916,0.98,30147
3660,1.567925,0.98,30164
3661,1.520249,0.98,28528
3662,1.501591,0.98,30129
3663,1.453836,0.98,30197
3664,1.404711,0.98,29985
3665,1.494991,0.98,30122
3666,1.578722,0.98,30147
3667,1.620101,0.98,30144
3668,1.700877,0.98,30147
3669,1.634694,0.98,30159
3670,1.576211,0.98,30151
3671,1.54322,0.98,30157
3672,1.483098,0.97,29845
3673,1.462918,0.97,30149
3674,1.472005,0.97,30147
3675,1.443348,0.97,30102
3676,1.538859,0.97,30139
3677,1.513502,0.97,28303
3678,1.483939,0.97,30152
3679,1.524258,0.97,30094
3680,1.504073,0.97,30174
3681,1.610262,0.97,29374
3682,1.712269,0.97,30146
3683,1.693454,0.97,28400
3684,1.743906,0.97,30153
3685,1.729514,0.97,29983
3686,1.67168,0.97,30167
3687,1.64468,0.97,30180
3688,1.594558,0.97,30189
3689,1.674461,0.97,30130
3690,1.651157,0.97,30165
3691,1.711012,0.97,30150
3692,1.779606,0.97,30029
3693,1.70785,0.97,30138
3694,1.656295,0.97,30147
3695,1.617679,0.97,28313
3696,1.581461,0.97,30133
3697,1.557572,0.97,30140
3698,1.552676,0.97,30142
3699,1.593874,0.97,30151
3700,1.620809,0.97,30061
3701,1.611096,0.97,29829
3702,1.57637,0.97,30142
3703,1.540099,0.97,30149
3704,1.528727,0.97,29817
3705,1.465038,0.97,30143
3706,1.478686,0.97,30083
3707,1.507722,0.97,30150
3708,1.533925,0.97,30197
3709,1.610942,0.97,29908
3710,1.577475,0.97,30153
3711,1.56607,0.97,29484
3712,1.510625,0.97,30062
3713,1.454217,0.97,30028
3714,1.416974,0.97,30075
3715,1.388183,0.97,29923
3716,1.393101,0.97,30182
3717,1.35562,0.97,30173
3718,1.360038,0.97,30135
3719,1.302657,0.97,30136
3720,1.316309,0.97,29893
3721,1.287735,0.97,30148
3722,1.334202,0.97,28218
3723,1.601431,0.97,30150
3724,1.664363,0.97,30157
3725,1.613875,0.97,30155
3726,1.553773,0.97,30159
3727,1.535149,0.97,30205
3728,1.492069,0.97,30193
3729,1.500335,0.97,30155
3730,1.545233,0.97,29587
3731,1.524387,0.97,29743
3732,1.564256,0.97,30150
3733,1.545566,0.97,30153
3734,1.49676,0.97,30141
3735,1.556325,0.97,30193
3736,1.579771,0.97,30178
3737,1.627711,0.97,29632
3738,1.634919,0.97,30167
3739,1.691604,0.97,30194
3740,1.775002,0.96,30166
3741,1.788583,0.96,30120
3742,1.80502,0.96,30138
3743,1.878281,0.96,30111
3744,1.873869,0.96,30134
3745,1.848885,0.96,30154
3746,1.762268,0.96,30128
3747,1.698534,0.96,30143
3748,1.655231,0.96,30134
3749,1.590325,0.96,30142
3750,1.539048,0.96,30102
3751,1.540553,0.96,30165
3752,1.595778,0.96,30160
3753,1.666115,0.96,30175
3754,1.719274,0.96,30145
3755,1.761583,0.96,30182
3756,1.734435,0.96,30188
3757,1.783039,0.96,30149
3758,1.706514,0.96,30138
3759,1.663011,0.96,30172
3760,1.598135,0.96,30126
3761,1.535095,0.96,30178
3762,1.482662,0.96,30153
3763,1.436213,0.96,29842
3764,1.457385,0.96,30164
3765,1.499246,0.96,30141
3766,1.521238,0.96,29737
3767,1.492921,0.96,30193
3768,1.486579,0.96,30156
3769,1.450615,0.96,28129
3770,1.406568,0.96,30152
3771,1.367767,0.96,30151
3772,1.34984,0.96,30103
3773,1.394077,0.96,30172
3774,1.477438,0.96,29937
3775,1.537306,0.96,30217
3776,1.583,0.96,30207
3777,1.647218,0.96,30171
3778,1.713032,0.96,30213
3779,1.712994,0.96,30180
3780,1.651196,0.96,30169
3781,1.605922,0.96,30123
3782,1.542124,0.96,30167
3783,1.510733,0.96,26346
3784,1.457703,0.96,30212
3785,1.427654,0.96,30171
3786,1.394071,0.96,30158
3787,1.36178,0.96,28643
3788,1.311621,0.96,30207
3789,1.329018,0.96,30207
3790,1.312593,0.96,30209
3791,1.293136,0.96,30207
3792,1.39537,0.96,30158
3793,1.443271,0.96,30121
3794,1.448044,0.96,30179
3795,1.412707,0.96,30120
3796,1.373798,0.96,27485
3797,1.372625,0.96,29979
3798,1.424153,0.96,30131
3799,1.467899,0.96,30112
3800,1.481263,0.96,29864
3801,1.54007,0.96,30176
3802,1.58677,0.96,28820
3803,1.656525,0.96,30155
3804,1.679825,0.96,29336
3805,1.69129,0.96,30149
3806,1.65775,0.96,29968
3807,1.637908,0.96,30158
3808,1.595972,0.95,30161
3809,1.584499,0.95,30083
3810,1.594581,0.95,30015
3811,1.62323,0.95,30153
3812,1.655012,0.95,30148
3813,1.71012,0.95,30150
3814,1.729019,0.95,30088
3815,1.675724,0.95,28074
3816,1.608076,0.95,30137
3817,1.547321,0.95,30142
3818,1.556376,0.95,30146
3819,1.530468,0.95,30105
3820,1.582987,0.95,30072
3821,1.52444,0.95,30189
3822,1.462265,0.95,30127
3823,1.402592,0.95,29301
3824,1.378564,0.95,30044
3825,1.391756,0.95,30166
3826,1.431607,0.95,30176
3827,1.506917,0.95,30141
3828,1.549119,0.95,30041
3829,1.575363,0.95,30073
3830,1.570828,0.95,30156
3831,1.521623,0.95,29603
3832,1.48658,0.95,30188
3833,1.43313,0.95,30096
3834,1.379947,0.95,30186
3835,1.381464,0.95,28740
3836,1.422593,0.95,30175
3837,1.419604,0.95,30187
3838,1.387224,0.95,30015
3839,1.357828,0.95,30148
3840,1.35999,0.95,30145
3841,1.347741,0.95,30127
3842,1.314753,0.95,30009
3843,1.303827,0.95,30093
3844,1.364112,0.95,30136
3845,1.427504,0.95,30110
3846,1.373422,0.95,29901
3847,1.393126,0.95,29952
3848,1.421151,0.95,30148
3849,1.477963,0.95,30128
3850,1.519007,0.95,30138
3851,1.555184,0.95,30140
3852,1.58415,0.95,30008
3853,1.560001,0.95,30150
3854,1.598337,0.95,29907
3855,1.609342,0.95,30181
3856,1.538392,0.95,30117
3857,1.551254,0.95,29994
3858,1.522547,0.95,29955
3859,1.529766,0.95,29436
3860,1.551517,0.95,28265
3861,1.516111,0.95,30083
3862,1.544321,0.95,30154
3863,1.5952,0.95,30142
3864,1.701791,0.95,30151
3865,1.718567,0.95,30154
3866,1.718484,0.95,30157
3867,1.746686,0.95,29611
3868,1.735352,0.95,30154
3869,1.776052,0.95,30153
3870,1.774817,0.95,30129
3871,1.752992,0.95,30134
3872,1.732589,0.95,30136
3873,1.670852,0.95,30141
3874,1.613591,0.95,30108
3875,1.584828,0.95,29798
3876,1.547762,0.95,30152
3877,1.568166,0.94,30158
3878,1.523799,0.94,30161
3879,1.478557,0.94,30122
3880,1.436123,0.94,30149
3881,1.426762,0.94,30146
3882,1.43189,0.94,30139
3883,1.396551,0.94,30130
3884,1.416648,0.94,30152
3885,1.468178,0.94,30107
3886,1.499787,0.94,27500
3887,1.51893,0.94,30089
3888,1.543363,0.94,30029
3889,1.585969,0.94,29369
3890,1.56842,0.94,30189
3891,1.550276,0.94,30142
3892,1.552174,0.94,30146
3893,1.509627,0.94,30159
3894,1.494562,0.94,30152
3895,1.482177,0.94,29968
3896,1.444349,0.94,29527
3897,1.414068,0.94,30168
3898,1.403943,0.94,30020
3899,1.451042,0.94,30144
3900,1.420245,0.94,30115
3901,1.354376,0.94,30155
3902,1.323266,0.94,30139
3903,1.330878,0.94,29875
3904,1.304988,0.94,30205
3905,1.356815,0.94,30207
3906,1.396154,0.94,28029
3907,1.454365,0.94,30149
3908,1.409847,0.94,30142
3909,1.450371,0.94,30147
3910,1.483226,0.94,30119
3911,1.443673,0.94,30154
3912,1.416605,0.94,30154
3913,1.388202,0.94,30157
3914,1.324203,0.94,30150
3915,1.285,0.94,30149
3916,1.253282,0.94,30152
3917,1.228861,0.94,30153
3918,1.221533,0.94,30146
3919,1.198484,0.94,30075
3920,1.26672,0.94,30120
3921,1.309858,0.94,30152
3922,1.333069,0.94,30141
3923,1.297889,0.94,30155
3924,1.270319,0.94,29963
3925,1.309222,0.94,30154
3926,1.273678,0.94,30189
3927,1.247021,0.94,30179
3928,1.240103,0.94,30146
3929,1.333377,0.94,30138
3930,1.305932,0.94,30122
3931,1.288575,0.94,30159
3932,1.274122,0.94,30158
3933,1.268364,0.94,27427
3934,1.31559,0.94,30106
3935,1.273032,0.94,30084
3936,1.285512,0.94,30153
3937,1.271839,0.94,30148
3938,1.31729,0.94,30148
3939,1.364347,0.94,29751
3940,1.386257,0.94,30150
3941,1.408387,0.94,30149
3942,1.434321,0.94,30153
3943,1.420213,0.94,30148
3944,1.461218,0.94,29514
3945,1.436885,0.93,30128
3946,1.398328,0.93,30195
3947,1.352789,0.93,30165
3948,1.324201,0.93,30151
3949,1.299126,0.93,30150
3950,1.27588,0.93,30157
3951,1.263852,0.93,30155
3952,1.221563,0.93,27817
3953,1.206934,0.93,30152
3954,1.288847,0.93,28664
3955,1.244067,0.93,30147
3956,1.306716,0.93,29742
3957,1.324681,0.93,30162
3958,1.380554,0.93,26843
3959,1.419755,0.93,30165
3960,1.392088,0.93,30161
3961,1.344002,0.93,30152
3962,1.330595,0.93,30156
3963,1.294797,0.93,30162
3964,1.339012,0.93,29803
3965,1.295618,0.93,30169
3966,1.270586,0.93,30182
3967,1.222074,0.93,30162
3968,1.185603,0.93,30146
3969,1.182935,0.93,30147
3970,1.17135,0.93,30139
3971,1.1529,0.93,30142
3972,1.133012,0.93,30151
3973,1.144537,0.93,28321
3974,1.181414,0.93,30169
3975,1.223789,0.93,30162
3976,1.280996,0.93,30167
3977,1.280577,0.93,30143
3978,1.253157,0.93,30152
3979,1.234683,0.93,30150
3980,1.218832,0.93,30151
3981,1.270378,0.93,30152
3982,1.310718,0.93,30163
3983,1.312954,0.93,30162
3984,1.350647,0.93,30154
3985,1.29633,0.93,30142
3986,1.280806,0.93,30159
3987,1.238382,0.93,30150
3988,1.218773,0.93,30149
3989,1.181664,0.93,30153
3990,1.238374,0.93,30142
3991,1.228124,0.93,29699
3992,1.199448,0.93,29621
3993,1.166548,0.93,30144
3994,1.176454,0.93,30162
3995,1.166577,0.93,30161
3996,1.152591,0.93,30157
3997,1.13991,0.93,30145
3998,1.132284,0.93,28397
3999,1.114588,0.93,30165
4000,1.121899,0.93,30153
4001,1.146135,0.93,30391
4002,1.216631,0.93,30244
4003,1.254172,0.93,30295
4004,1.253399,0.93,30309
4005,1.24537,0.93,30335
4006,1.211384,0.93,30330
4007,1.22472,0.93,30327
4008,1.255962,0.93,30285
4009,1.301388,0.93,29483
4010,1.347868,0.93,30277
4011,1.379811,0.93,30288
4012,1.344171,0.93,30289
4013,1.377424,0.93,30314
4014,1.359953,0.92,30324
4015,1.318011,0.92,30254
4016,1.279074,0.92,30260
4017,1.253854,0.92,30290
4018,1.225975,0.92,30317
4019,1.206312,0.92,30325
4020,1.172551,0.92,30322
4021,1.147239,0.92,30294
4022,1.127827,0.92,30336
4023,1.131566,0.92,30328
4024,1.148052,0.92,30332
4025,1.136221,0.92,30255
4026,1.175838,0.92,29979
4027,1.160529,0.92,30324
4028,1.210664,0.92,30330
4029,1.205537,0.92,26367
4030,1.213724,0.92,30251
4031,1.257353,0.92,30277
4032,1.310397,0.92,30274
4033,1.346328,0.92,30221
4034,1.386261,0.92,30231
4035,1.389832,0.92,29921
4036,1.380656,0.92,30222
4037,1.392412,0.92,30258
4038,1.428242,0.92,30204
4039,1.374237,0.92,30111
4040,1.325036,0.92,30139
4041,1.281917,0.92,30151
4042,1.239958,0.92,30053
4043,1.226532,0.92,30157
4044,1.228797,0.92,28406
4045,1.188219,0.92,30156
4046,1.235645,0.92,30153
4047,1.212641,0.92,29607
4048,1.256921,0.92,30185
4049,1.295857,0.92,30023
4050,1.278947,0.92,30158
4051,1.232331,0.92,29790
4052,1.200091,0.92,30189
4053,1.177399,0.92,29367
4054,1.161197,0.92,30153
4055,1.199144,0.92,30176
4056,1.254252,0.92,30194
4057,1.312371,0.92,30203
4058,1.27959,0.92,30160
4059,1.234626,0.92,30099
4060,1.211521,0.92,28757
4061,1.173917,0.92,30145
4062,1.152609,0.92,30158
4063,1.164106,0.92,30150
4064,1.236141,0.92,30195
4065,1.289319,0.92,30179
4066,1.310765,0.92,30009
4067,1.342339,0.92,30201
4068,1.327809,0.92,30189
4069,1.349626,0.92,30184
4070,1.347623,0.92,29833
4071,1.365623,0.92,29802
4072,1.403975,0.92,30162
4073,1.446338,0.92,30071
4074,1.437342,0.92,30144
4075,1.475618,0.92,30148
4076,1.502723,0.92,30150
4077,1.453142,0.92,30169
4078,1.470528,0.92,30022
4079,1.489815,0.92,30149
4080,1.525306,0.92,30160
4081,1.484469,0.92,30186
4082,1.509971,0.91,30132
4083,1.526966,0.91,30175
4084,1.490203,0.91,30150
4085,1.433365,0.91,30011
4086,1.367848,0.91,30161
4087,1.333657,0.91,30155
4088,1.365532,0.91,28225
4089,1.349388,0.91,30173
4090,1.358606,0.91,30152
4091,1.322267,0.91,28130
4092,1.288743,0.91,30148
4093,1.288314,0.91,30151
4094,1.241697,0.91,30030
4095,1.229996,0.91,30078
4096,1.217316,0.91,30192
4097,1.230675,0.91,30176
4098,1.251679,0.91,28268
4099,1.273048,0.91,30179
4100,1.249021,0.91,30121
4101,1.200934,0.91,30121
4102,1.173571,0.91,30203
4103,1.219263,0.91,30202
4104,1.23559,0.91,30210
4105,1.248569,0.91,30183
4106,1.222601,0.91,30170
4107,1.19685,0.91,27597
4108,1.178079,0.91,30201
4109,1.143863,0.91,30198
4110,1.109377,0.91,30192
4111,1.099433,0.91,29987
4112,1.106725,0.91,30167
4113,1.080345,0.91,30138
4114,1.087182,0.91,30144
4115,1.111888,0.91,30143
4116,1.11539,0.91,29484
4117,1.082626,0.91,30159
4118,1.066337,0.91,30151
4119,1.053311,0.91,30148
4120,1.034662,0.91,30140
4121,1.017591,0.91,30158
4122,0.992057,0.91,30116
4123,0.989926,0.91,30157
4124,0.968647,0.91,30116
4125,0.954645,0.91,30126
4126,0.956903,0.91,30153
4127,1.014419,0.91,28430
4128,1.059882,0.91,30152
4129,1.050503,0.91,30114
4130,1.044956,0.91,30207
4131,1.023177,0.91,30202
4132,1.008404,0.91,30204
4133,1.058628,0.91,30202
4134,1.130435,0.91,30143
4135,1.15583,0.91,30146
4136,1.155355,0.91,30213
4137,1.204721,0.91,28618
4138,1.266658,0.91,28383
4139,1.230689,0.91,30205
4140,1.251892,0.91,30207
4141,1.289249,0.91,30172
4142,1.313542,0.91,30147
4143,1.306959,0.91,30163
4144,1.261734,0.91,28565
4145,1.2452,0.91,29974
4146,1.272338,0.91,30140
4147,1.329384,0.91,30154
4148,1.335323,0.91,30145
4149,1.332483,0.91,30189
4150,1.307676,0.91,28143
4151,1.265987,0.9,30173
4152,1.22968,0.9,30181
4153,1.228956,0.9,28579
4154,1.225192,0.9,30136
4155,1.239207,0.9,29780
4156,1.200984,0.9,30152
4157,1.210507,0.9,30173
4158,1.185779,0.9,30154
4159,1.156981,0.9,30152
4160,1.140822,0.9,30167
4161,1.115073,0.9,30189
4162,1.131248,0.9,29658
4163,1.156759,0.9,29968
4164,1.211849,0.9,30185
4165,1.247108,0.9,30101
4166,1.195007,0.9,30157
4167,1.147329,0.9,30141
4168,1.197537,0.9,30183
4169,1.23344,0.9,30134
4170,1.217001,0.9,30164
4171,1.173748,0.9,30154
4172,1.169116,0.9,30149
4173,1.215052,0.9,30081
4174,1.195987,0.9,30110
4175,1.178536,0.9,30147
4176,1.172528,0.9,30143
4177,1.136497,0.9,30127
4178,1.19368,0.9,30029
4179,1.208523,0.9,30150
4180,1.174374,0.9,30154
4181,1.161046,0.9,30205
4182,1.112819,0.9,30216
4183,1.126135,0.9,28586
4184,1.172985,0.9,30155
4185,1.140368,0.9,30193
4186,1.11833,0.9,30166
4187,1.094219,0.9,30149
4188,1.079124,0.9,30151
4189,1.118605,0.9,30141
4190,1.11698,0.9,28804
4191,1.152139,0.9,30156
4192,1.121448,0.9,30165
4193,1.109872,0.9,30156
4194,1.081435,0.9,30188
4195,1.088171,0.9,30180
4196,1.115529,0.9,28483
4197,1.159547,0.9,30152
4198,1.186589,0.9,30104
4199,1.195393,0.9,30160
4200,1.222577,0.9,30195
4201,1.180854,0.9,30142
4202,1.163415,0.9,30160
4203,1.176376,0.9,30160
4204,1.169938,0.9,30110
4205,1.144341,0.9,30151
4206,1.178412,0.9,30150
4207,1.187826,0.9,30147
4208,1.185154,0.9,30170
4209,1.191749,0.9,30165
4210,1.158178,0.9,30089
4211,1.153208,0.9,29799
4212,1.12064,0.9,30162
4213,1.093146,0.9,30154
4214,1.050523,0.9,30150
4215,1.0504,0.9,30078
4216,1.027383,0.9,30183
4217,1.003088,0.9,30013
4218,1.048954,0.9,30077
4219,1.066301,0.89,30149
4220,1.10842,0.89,30162
4221,1.140566,0.89,30155
4222,1.172187,0.89,30030
4223,1.189917,0.89,30075
4224,1.201969,0.89,30161
4225,1.240872,0.89,30172
4226,1.188384,0.89,30163
4227,1.150625,0.89,29563
4228,1.124615,0.89,29210
4229,1.096776,0.89,30139
4230,1.04935,0.89,28097
4231,1.043409,0.89,30191
4232,1.023117,0.89,30062
4233,1.001134,0.89,30214
4234,1.054016,0.89,29890
4235,1.088432,0.89,30144
4236,1.081335,0.89,30146
4237,1.133978,0.89,30148
4238,1.152932,0.89,30152
4239,1.167371,0.89,30154
4240,1.172991,0.89,30154
4241,1.127606,0.89,30154
4242,1.115057,0.89,30165
4243,1.075692,0.89,30150
4244,1.068586,0.89,30158
4245,1.109813,0.89,30159
4246,1.140192,0.89,30175
4247,1.120097,0.89,30190
4248,1.090558,0.89,30150
4249,1.056423,0.89,30166
4250,1.034155,0.89,30052
4251,1.017249,0.89,30194
4252,1.000201,0.89,29942
4253,0.980361,0.89,30160
4254,0.990497,0.89,30105
4255,0.980297,0.89,30165
4256,0.9887,0.89,27503
4257,0.979833,0.89,30173
4258,1.044712,0.89,30145
4259,1.057317,0.89,30150
4260,1.032684,0.89,30197
4261,1.031072,0.89,30204
4262,1.057419,0.89,30195
4263,1.060237,0.89,29850
4264,1.094803,0.89,30203
4265,1.110977,0.89,30183
4266,1.133514,0.89,30153
4267,1.190512,0.89,30196
4268,1.193428,0.89,30174
4269,1.223181,0.89,30195
4270,1.257021,0.89,30173
4271,1.289616,0.89,30152
4272,1.253959,0.89,30179
4273,1.229928,0.89,30174
4274,1.181679,0.89,30170
4275,1.143292,0.89,30150
4276,1.188817,0.89,28037
4277,1.231539,0.89,30154
4278,1.260698,0.89,29519
4279,1.275754,0.89,30161
4280,1.233325,0.89,30162
4281,1.168309,0.89,30149
4282,1.109546,0.89,30099
4283,1.08141,0.89,30161
4284,1.06062,0.89,29558
4285,1.046786,0.89,30163
4286,1.007487,0.89,30168
4287,1.057732,0.88,30140
4288,1.050761,0.88,30162
4289,1.031784,0.88,30152
4290,1.026301,0.88,30094
4291,0.994585,0.88,30022
4292,0.988116,0.88,30154
4293,0.979559,0.88,30151
4294,1.011685,0.88,30167
4295,1.004014,0.88,29876
4296,1.061705,0.88,30153
4297,1.068175,0.88,30106
4298,1.106998,0.88,27986
4299,1.086313,0.88,30164
4300,1.035629,0.88,30167
4301,1.016254,0.88,30159
4302,1.018227,0.88,30165
4303,0.974707,0.88,29600
4304,0.947057,0.88,30109
4305,0.961418,0.88,30164
4306,1.008972,0.88,30157
4307,1.064772,0.88,30157
4308,1.113568,0.88,30163
4309,1.079564,0.88,30154
4310,1.045141,0.88,30112
4311,1.026605,0.88,30158
4312,1.023488,0.88,30160
4313,1.022096,0.88,30150
4314,1.003553,0.88,30071
4315,0.972348,0.88,30159
4316,0.934286,0.88,30193
4317,0.941969,0.88,30210
4318,0.990293,0.88,28377
4319,1.044474,0.88,30199
4320,1.085807,0.88,30190
4321,1.118919,0.88,30149
4322,1.074448,0.88,30193
4323,1.088074,0.88,28260
4324,1.057984,0.88,29355
4325,1.029061,0.88,30163
4326,0.990224,0.88,30170
4327,0.963863,0.88,30170
4328,0.948221,0.88,30165
4329,0.969601,0.88,30158
4330,1.006121,0.88,30160
4331,1.041022,0.88,30163
4332,1.013382,0.88,30138
4333,0.976308,0.88,30161
4334,0.938127,0.88,30216
4335,0.911915,0.88,30165
4336,0.900679,0.88,29714
4337,0.941552,0.88,30142
4338,1.009442,0.88,30102
4339,1.082897,0.88,30159
4340,1.091472,0.88,30165
4341,1.060123,0.88,28723
4342,1.084107,0.88,30167
4343,1.063333,0.88,30116
4344,1.027441,0.88,30159
4345,1.023702,0.88,30100
4346,1.015724,0.88,30051
4347,1.012042,0.88,30159
4348,0.990439,0.88,29733
4349,0.967846,0.88,30152
4350,0.946132,0.88,30148
4351,0.938076,0.88,30153
4352,0.992609,0.88,30145
4353,1.026927,0.88,30027
4354,1.053165,0.88,30154
4355,1.090554,0.88,30103
4356,1.126098,0.87,30160
4357,1.118997,0.87,30154
4358,1.147652,0.87,30146
4359,1.122847,0.87,30147
4360,1.103399,0.87,30150
4361,1.082171,0.87,30148
4362,1.057876,0.87,30137
4363,1.033481,0.87,30153
4364,1.014951,0.87,29792
4365,1.033442,0.87,30017
4366,0.997703,0.87,30158
4367,0.965712,0.87,30102
4368,0.940904,0.87,30195
4369,0.978219,0.87,28649
4370,0.955757,0.87,30151
4371,0.949193,0.87,29859
4372,0.938558,0.87,28651
4373,0.979219,0.87,30208
4374,1.009058,0.87,30177
4375,0.980192,0.87,30016
4376,1.01653,0.87,30161
4377,1.032727,0.87,30154
4378,1.074049,0.87,30174
4379,1.060196,0.87,30215
4380,1.026017,0.87,30098
4381,0.997164,0.87,30174
4382,0.981836,0.87,30206
4383,1.003734,0.87,30215
4384,1.061638,0.87,30197
4385,1.032641,0.87,30196
4386,1.007407,0.87,30216
4387,1.007512,0.87,30217
4388,1.023991,0.87,29785
4389,1.056183,0.87,30195
4390,1.081764,0.87,30056
4391,1.0522,0.87,30152
4392,1.043706,0.87,30143
4393,1.032538,0.87,30026
4394,1.019665,0.87,30178
4395,0.990173,0.87,30180
4396,0.985556,0.87,30163
4397,0.943389,0.87,30130
4398,0.926862,0.87,29992
4399,0.913061,0.87,30146
4400,0.875709,0.87,30156
4401,0.852045,0.87,30184
4402,0.893397,0.87,30214
4403,0.924034,0.87,30215
4404,0.972413,0.87,30205
4405,0.970455,0.87,30213
4406,1.016582,0.87,30182
4407,0.997183,0.87,30173
4408,0.96675,0.87,30148
4409,0.956585,0.87,30146
4410,0.95001,0.87,30178
4411,0.952412,0.87,30002
4412,0.919553,0.87,30132
4413,0.98199,0.87,30184
4414,1.011956,0.87,30178
4415,1.067842,0.87,30161
4416,1.052353,0.87,27799
4417,1.039784,0.87,30051
4418,1.004026,0.87,30161
4419,0.987808,0.87,30152
4420,1.024574,0.87,30155
4421,1.100633,0.87,30148
4422,1.112699,0.87,30147
4423,1.134828,0.87,30150
4424,1.149216,0.86,30155
4425,1.179387,0.86,30156
4426,1.153629,0.86,30134
4427,1.180956,0.86,30154
4428,1.227024,0.86,30162
4429,1.247979,0.86,30147
4430,1.270754,0.86,29237
4431,1.242197,0.86,30048
4432,1.19929,0.86,30133
4433,1.15233,0.86,30150
4434,1.101449,0.86,30093
4435,1.061342,0.86,30184
4436,1.032233,0.86,30130
4437,0.999278,0.86,30149
4438,1.028763,0.86,29999
4439,1.073576,0.86,30151
4440,1.09244,0.86,30157
4441,1.116359,0.86,30160
4442,1.058132,0.86,30182
4443,1.08256,0.86,30182
4444,1.112306,0.86,30201
4445,1.112993,0.86,30169
4446,1.104993,0.86,30159
4447,1.085607,0.86,30153
4448,1.056627,0.86,30164
4449,1.073807,0.86,27082
4450,1.055674,0.86,30205
4451,1.011942,0.86,30215
4452,1.005167,0.86,30209
4453,0.981651,0.86,30210
4454,0.999441,0.86,30215
4455,0.998771,0.86,30188
4456,0.985812,0.86,30151
4457,0.957963,0.86,30113
4458,0.948418,0.86,30116
4459,0.913206,0.86,30151
4460,0.900366,0.86,30148
4461,0.922269,0.86,27653
4462,0.963051,0.86,30153
4463,0.980918,0.86,30160
4464,0.966283,0.86,30150
4465,0.91827,0.86,30203
4466,0.908734,0.86,30216
4467,0.893899,0.86,30178
4468,0.940375,0.86,30130
4469,0.974658,0.86,30155
4470,0.971641,0.86,30154
4471,0.96319,0.86,29616
4472,0.938989,0.86,30148
4473,0.926259,0.86,30047
4474,0.927232,0.86,30188
4475,0.917029,0.86,28340
4476,0.945701,0.86,30187
4477,0.957694,0.86,30204
4478,0.960129,0.86,30185
4479,1.013826,0.86,30179
4480,1.03951,0.86,30160
4481,1.063011,0.86,30189
4482,1.080077,0.86,30169
4483,1.05053,0.86,30144
4484,1.057429,0.86,30210
4485,1.040781,0.86,30213
4486,1.019991,0.86,30207
4487,1.009757,0.86,30201
4488,0.983146,0.86,30187
4489,1.0059,0.86,30122
4490,1.04315,0.86,30160
4491,1.055488,0.86,30125
4492,1.049104,0.86,30193
4493,1.075813,0.85,30090
4494,1.100997,0.85,28820
4495,1.116227,0.85,30202
4496,1.098086,0.85,30183
4497,1.062979,0.85,30173
4498,1.047179,0.85,30164
4499,1.020507,0.85,30145
4500,1.002906,0.85,30189
4501,0.990838,0.85,30170
4502,1.007256,0.85,30151
4503,1.019544,0.85,30105
4504,1.04637,0.85,30166
4505,1.03364,0.85,30164
4506,1.001366,0.85,30147
4507,0.984464,0.85,25638
4508,0.941056,0.85,30162
4509,0.92844,0.85,30150
4510,0.929905,0.85,30156
4511,0.950887,0.85,30157
4512,0.981531,0.85,30154
4513,0.962673,0.85,30156
4514,0.944445,0.85,30167
4515,0.962766,0.85,28213
4516,0.958845,0.85,30172
4517,0.946712,0.85,30187
4518,0.958576,0.85,30135
4519,0.929344,0.85,30152
4520,0.928884,0.85,30178
4521,0.895622,0.85,30196
4522,0.866922,0.85,30154
4523,0.854777,0.85,30153
4524,0.83965,0.85,30140
4525,0.838674,0.85,30153
4526,0.832614,0.85,30153
4527,0.821775,0.85,30199
4528,0.808251,0.85,30178
4529,0.808576,0.85,30159
4530,0.849049,0.85,30146
4531,0.837291,0.85,30151
4532,0.837602,0.85,30157
4533,0.834511,0.85,30150
4534,0.854695,0.85,30158
4535,0.896619,0.85,30146
4536,0.921936,0.85,30160
4537,0.943169,0.85,29911
4538,0.953259,0.85,30145
4539,0.955075,0.85,29697
4540,0.96039,0.85,30152
4541,0.961049,0.85,30162
4542,0.981533,0.85,29923
4543,1.010894,0.85,30162
4544,0.98906,0.85,30155
4545,0.966259,0.85,30159
4546,0.962496,0.85,30158
4547,0.955773,0.85,30153
4548,0.932519,0.85,30154
4549,0.901107,0.85,29873
4550,0.889546,0.85,30120
4551,0.906998,0.85,30145
4552,0.898352,0.85,30157
4553,0.872719,0.85,27833
4554,0.867731,0.85,30144
4555,0.846118,0.85,30148
4556,0.829269,0.85,30162
4557,0.800228,0.85,30152
4558,0.858947,0.85,30147
4559,0.860539,0.85,30139
4560,0.853075,0.85,30145
4561,0.855536,0.84,30151
4562,0.849931,0.84,30174
4563,0.826755,0.84,30111
4564,0.856225,0.84,30201
4565,0.852582,0.84,30186
4566,0.877521,0.84,30155
4567,0.906031,0.84,26484
4568,0.88496,0.84,30134
4569,0.860363,0.84,30145
4570,0.83369,0.84,30137
4571,0.815464,0.84,30143
4572,0.805837,0.84,30147
4573,0.803193,0.84,30157
4574,0.782819,0.84,30162
4575,0.776693,0.84,30168
4576,0.765518,0.84,29816
4577,0.767819,0.84,26227
4578,0.740518,0.84,30130
4579,0.728259,0.84,30154
4580,0.736315,0.84,30164
4581,0.767174,0.84,30153
4582,0.810165,0.84,30141
4583,0.840041,0.84,30136
4584,0.865574,0.84,30159
4585,0.890996,0.84,30161
4586,0.920208,0.84,30157
4587,0.940904,0.84,30071
4588,0.96529,0.84,30157
4589,0.98974,0.84,30158
4590,1.005022,0.84,30152
4591,1.013031,0.84,30010
4592,1.004281,0.84,30156
4593,1.010541,0.84,30024
4594,1.021465,0.84,30157
4595,1.024587,0.84,30157
4596,1.027425,0.84,30150
4597,1.038218,0.84,30157
4598,1.045998,0.84,30149
4599,1.050804,0.84,28310
4600,1.055123,0.84,30076
4601,1.049987,0.84,30205
4602,1.06343,0.84,30211
4603,1.068548,0.84,30177
4604,1.040914,0.84,30153
4605,1.012589,0.84,30162
4606,0.984316,0.84,29950
4607,1.003722,0.84,30152
4608,1.004628,0.84,30132
4609,0.973937,0.84,30015
4610,0.95887,0.84,30151
4611,0.943094,0.84,30156
4612,0.911076,0.84,29374
4613,0.895518,0.84,30174
4614,0.888894,0.84,30063
4615,0.88879,0.84,30170
4616,0.883442,0.84,30189
4617,0.878453,0.84,30208
4618,0.870759,0.84,30158
4619,0.868473,0.84,30149
4620,0.883739,0.84,30152
4621,0.895978,0.84,30147
4622,0.909345,0.84,30119
4623,0.93357,0.84,30131
4624,0.953294,0.84,30152
4625,0.955206,0.84,30154
4626,0.945341,0.84,30155
4627,0.926179,0.84,30001
4628,0.927873,0.84,30167
4629,0.914244,0.83,30197
4630,0.898671,0.83,30196
4631,0.911145,0.83,30154
4632,0.896014,0.83,30125
4633,0.873082,0.83,30151
4634,0.853871,0.83,30155
4635,0.823662,0.83,30113
4636,0.849379,0.83,30055
4637,0.871115,0.83,30198
4638,0.891209,0.83,30203
4639,0.877481,0.83,30154
4640,0.887405,0.83,30173
4641,0.894757,0.83,30212
4642,0.900121,0.83,29619
4643,0.916755,0.83,30165
4644,0.941077,0.83,30145
4645,0.945087,0.83,28661
4646,0.930481,0.83,30203
4647,0.943778,0.83,30173
4648,0.952682,0.83,30190
4649,0.936989,0.83,30212
4650,0.897398,0.83,28062
4651,0.872485,0.83,30202
4652,0.858848,0.83,30183
4653,0.833945,0.83,30105
4654,0.826175,0.83,30114
4655,0.820519,0.83,30106
4656,0.788917,0.83,30170
4657,0.778184,0.83,30192
4658,0.794659,0.83,30188
4659,0.828092,0.83,30137
4660,0.85325,0.83,30148
4661,0.867381,0.83,30160
4662,0.839782,0.83,30191
4663,0.815399,0.83,30182
4664,0.799709,0.83,30156
4665,0.773045,0.83,30164
4666,0.753869,0.83,30149
4667,0.784929,0.83,30135
4668,0.786282,0.83,30123
4669,0.778869,0.83,30142
4670,0.75775,0.83,28157
4671,0.742146,0.83,30104
4672,0.780888,0.83,30053
4673,0.817679,0.83,28849
4674,0.819565,0.83,30154
4675,0.83729,0.83,30156
4676,0.866848,0.83,30152
4677,0.888203,0.83,28116
4678,0.885282,0.83,30164
4679,0.884087,0.83,30161
4680,0.91099,0.83,30160
4681,0.920073,0.83,30177
4682,0.889286,0.83,30159
4683,0.874624,0.83,30153
4684,0.848239,0.83,30178
4685,0.829099,0.83,30151
4686,0.819509,0.83,30150
4687,0.803624,0.83,30027
4688,0.794056,0.83,30132
4689,0.784906,0.83,29443
4690,0.755644,0.83,30143
4691,0.748856,0.83,28267
4692,0.778658,0.83,30138
4693,0.816012,0.83,30171
4694,0.848699,0.83,30185
4695,0.868538,0.83,29795
4696,0.884261,0.83,30146
4697,0.890603,0.83,30143
4698,0.873164,0.82,30143
4699,0.842023,0.82,30146
4700,0.825184,0.82,30149
4701,0.808905,0.82,30148
4702,0.80133,0.82,30145
4703,0.790966,0.82,30144
4704,0.774327,0.82,30146
4705,0.75391,0.82,27306
4706,0.757518,0.82,29477
4707,0.782371,0.82,30159
4708,0.802342,0.82,30133
4709,0.78125,0.82,30150
4710,0.816278,0.82,30114
4711,0.830287,0.82,30147
4712,0.85777,0.82,30147
4713,0.873629,0.82,30153
4714,0.850372,0.82,28413
4715,0.866117,0.82,30093
4716,0.848881,0.82,30202
4717,0.823903,0.82,30203
4718,0.802206,0.82,30195
4719,0.801377,0.82,30202
4720,0.82438,0.82,29305
4721,0.813984,0.82,30150
4722,0.818899,0.82,30178
4723,0.839616,0.82,30190
4724,0.831117,0.82,30161
4725,0.809696,0.82,30171
4726,0.8075,0.82,30151
4727,0.771796,0.82,30048
4728,0.770652,0.82,30148
4729,0.786437,0.82,30150
4730,0.771469,0.82,30153
4731,0.756113,0.82,30143
4732,0.74288,0.82,30024
4733,0.733737,0.82,30138
4734,0.719016,0.82,30063
4735,0.703078,0.82,27791
4736,0.689328,0.82,30152
4737,0.674494,0.82,28344
4738,0.662989,0.82,30152
4739,0.6606,0.82,30158
4740,0.695755,0.82,30133
4741,0.721875,0.82,30159
4742,0.751297,0.82,30160
4743,0.74765,0.82,30153
4744,0.747306,0.82,30153
4745,0.723116,0.82,30139
4746,0.736527,0.82,30177
4747,0.766079,0.82,30192
4748,0.789487,0.82,30213
4749,0.811421,0.82,30174
4750,0.786069,0.82,28778
4751,0.77454,0.82,30084
4752,0.767876,0.82,30135
4753,0.762596,0.82,30057
4754,0.741269,0.82,30146
4755,0.730253,0.82,30152
4756,0.725555,0.82,30080
4757,0.720467,0.82,30165
4758,0.691078,0.82,30162
4759,0.698649,0.82,30131
4760,0.689299,0.82,30182
4761,0.704098,0.82,28601
4762,0.729912,0.82,30164
4763,0.758988,0.82,30170
4764,0.771814,0.82,30166
4765,0.762139,0.82,30208
4766,0.749868,0.81,30160
4767,0.729711,0.81,30154
4768,0.71453,0.81,30135
4769,0.70764,0.81,30170
4770,0.709352,0.81,30144
4771,0.714299,0.81,30135
4772,0.711098,0.81,29889
4773,0.704769,0.81,30072
4774,0.729685,0.81,30153
4775,0.746333,0.81,30198
4776,0.767568,0.81,30144
4777,0.773461,0.81,30136
4778,0.751205,0.81,29897
4779,0.728783,0.81,30061
4780,0.711432,0.81,30064
4781,0.679998,0.81,29934
4782,0.673975,0.81,29464
4783,0.687694,0.81,28316
4784,0.705479,0.81,30059
4785,0.733706,0.81,30136
4786,0.740768,0.81,30110
4787,0.762375,0.81,30121
4788,0.755079,0.81,30151
4789,0.748027,0.81,30197
4790,0.727961,0.81,30163
4791,0.715935,0.81,30143
4792,0.70848,0.81,30197
4793,0.739452,0.81,30201
4794,0.758167,0.81,30191
4795,0.751309,0.81,30151
4796,0.749528,0.81,30159
4797,0.724236,0.81,30187
4798,0.71078,0.81,30141
4799,0.689902,0.81,30128
4800,0.712311,0.81,29555
4801,0.722458,0.81,30104
4802,0.75665,0.81,30168
4803,0.788899,0.81,30159
4804,0.769745,0.81,30159
4805,0.76315,0.81,30166
4806,0.743344,0.81,30197
4807,0.736307,0.81,30172
4808,0.751689,0.81,30162
4809,0.755948,0.81,30154
4810,0.758977,0.81,30155
4811,0.752843,0.81,30158
4812,0.778355,0.81,30129
4813,0.800047,0.81,30112
4814,0.779032,0.81,30197
4815,0.80154,0.81,30201
4816,0.808059,0.81,30064
4817,0.81927,0.81,30129
4818,0.81805,0.81,30154
4819,0.818261,0.81,30150
4820,0.802513,0.81,29434
4821,0.793441,0.81,30111
4822,0.789282,0.81,30107
4823,0.774613,0.81,30075
4824,0.773286,0.81,28178
4825,0.781441,0.81,30203
4826,0.800132,0.81,30200
4827,0.815386,0.81,30162
4828,0.809,0.81,30205
4829,0.788552,0.81,28153
4830,0.768615,0.81,26471
4831,0.758767,0.81,30195
4832,0.755802,0.81,30178
4833,0.74497,0.81,29977
4834,0.725537,0.81,30144
4835,0.733231,0.8,30137
4836,0.750423,0.8,30114
4837,0.759018,0.8,30153
4838,0.739774,0.8,30141
4839,0.71683,0.8,30142
4840,0.704773,0.8,30107
4841,0.729019,0.8,30150
4842,0.742841,0.8,30150
4843,0.752368,0.8,30167
4844,0.771446,0.8,30129
4845,0.752332,0.8,30148
4846,0.761304,0.8,30141
4847,0.748447,0.8,29437
4848,0.721424,0.8,30167
4849,0.71076,0.8,30170
4850,0.700054,0.8,30173
4851,0.697963,0.8,30150
4852,0.692368,0.8,30149
4853,0.703905,0.8,30154
4854,0.720313,0.8,30155
4855,0.704451,0.8,30197
4856,0.684493,0.8,30177
4857,0.676242,0.8,30150
4858,0.66283,0.8,30176
4859,0.658664,0.8,30208
4860,0.650206,0.8,30203
4861,0.645729,0.8,30171
4862,0.645382,0.8,30182
4863,0.634692,0.8,30192
4864,0.632185,0.8,30169
4865,0.664396,0.8,30142
4866,0.680995,0.8,30157
4867,0.677092,0.8,29606
4868,0.670946,0.8,30164
4869,0.653962,0.8,30162
4870,0.681001,0.8,30157
4871,0.705055,0.8,23568
4872,0.717481,0.8,29777
4873,0.727889,0.8,28314
4874,0.747791,0.8,30155
4875,0.76793,0.8,30163
4876,0.76716,0.8,28188
4877,0.749644,0.8,30167
4878,0.747928,0.8,30192
4879,0.765123,0.8,25564
4880,0.768562,0.8,30196
4881,0.781291,0.8,30194
4882,0.793878,0.8,30164
4883,0.799693,0.8,28781
4884,0.816958,0.8,30202
4885,0.806124,0.8,30220
4886,0.783867,0.8,30188
4887,0.761717,0.8,30140
4888,0.74552,0.8,30130
4889,0.720267,0.8,30053
4890,0.713261,0.8,30170
4891,0.69159,0.8,30131
4892,0.685053,0.8,30147
4893,0.680038,0.8,30152
4894,0.670236,0.8,30076
4895,0.659343,0.8,30208
4896,0.65192,0.8,30193
4897,0.649331,0.8,30156
4898,0.64304,0.8,30190
4899,0.61962,0.8,30175
4900,0.625589,0.8,30152
4901,0.650955,0.8,30154
4902,0.659728,0.8,30157
4903,0.682807,0.79,30129
4904,0.673716,0.79,28076
4905,0.669375,0.79,30184
4906,0.69481,0.79,30146
4907,0.717376,0.79,30204
4908,0.700032,0.79,30184
4909,0.69229,0.79,30155
4910,0.681792,0.79,30097
4911,0.679813,0.79,29762
4912,0.694054,0.79,30177
4913,0.696366,0.79,30138
4914,0.687235,0.79,30170
4915,0.676574,0.79,30175
4916,0.698379,0.79,30117
4917,0.714486,0.79,30169
4918,0.703286,0.79,30160
4919,0.68593,0.79,29998
4920,0.66248,0.79,30210
4921,0.663199,0.79,30181
4922,0.679872,0.79,26596
4923,0.698957,0.79,30163
4924,0.681785,0.79,28581
4925,0.669745,0.79,30163
4926,0.647216,0.79,30158
4927,0.655235,0.79,30155
4928,0.653462,0.79,26935
4929,0.650418,0.79,30163
4930,0.645145,0.79,30158
4931,0.636085,0.79,30163
4932,0.631446,0.79,30188
4933,0.629371,0.79,30154
4934,0.658465,0.79,30192
4935,0.680084,0.79,30173
4936,0.683853,0.79,30154
4937,0.677648,0.79,30192
4938,0.674503,0.79,30196
4939,0.651138,0.79,30028
4940,0.664392,0.79,30087
4941,0.679986,0.79,30148
4942,0.677795,0.79,30115
4943,0.682746,0.79,30201
4944,0.699041,0.79,30215
4945,0.69964,0.79,30205
4946,0.698165,0.79,30194
4947,0.687249,0.79,30214
4948,0.676383,0.79,30209
4949,0.658404,0.79,30063
4950,0.64488,0.79,30154
4951,0.638097,0.79,30136
4952,0.636858,0.79,30054
4953,0.614348,0.79,30158
4954,0.600236,0.79,30201
4955,0.592219,0.79,30176
4956,0.623395,0.79,30140
4957,0.646289,0.79,30169
4958,0.669388,0.79,30020
4959,0.663297,0.79,30156
4960,0.688545,0.79,30140
4961,0.675375,0.79,30156
4962,0.664474,0.79,30157
4963,0.68288,0.79,30157
4964,0.676032,0.79,30162
4965,0.667881,0.79,30156
4966,0.666058,0.79,29856
4967,0.670429,0.79,30144
4968,0.662895,0.79,27864
4969,0.659703,0.79,30152
4970,0.646692,0.79,30159
4971,0.643192,0.79,30170
4972,0.653531,0.78,30152
4973,0.664215,0.78,30038
4974,0.691527,0.78,30155
4975,0.706483,0.78,30163
4976,0.725522,0.78,30149
4977,0.705428,0.78,30146
4978,0.705381,0.78,30146
4979,0.684206,0.78,30165
4980,0.665191,0.78,29545
4981,0.663522,0.78,30163
4982,0.659741,0.78,30161
4983,0.690113,0.78,30163
4984,0.698209,0.78,29476
4985,0.684482,0.78,30162
4986,0.677728,0.78,30086
4987,0.655949,0.78,30166
4988,0.645062,0.78,30148
4989,0.639111,0.78,30152
4990,0.637924,0.78,30153
4991,0.640827,0.78,30028
4992,0.630246,0.78,30154
4993,0.617837,0.78,30165
4994,0.605238,0.78,27437
4995,0.619407,0.78,30202
4996,0.641536,0.78,30191
4997,0.660917,0.78,30123
4998,0.654409,0.78,30163
4999,0.649714,0.78,30178
5000,0.643938,0.78,30312
5001,0.633042,0.78,30406
5002,0.646942,0.78,30345
5003,0.663238,0.78,30153
5004,0.669695,0.78,30296
5005,0.690885,0.78,30240
5006,0.707997,0.78,28821
5007,0.709624,0.78,30136
5008,0.714897,0.78,30342
5009,0.704956,0.78,30341
5010,0.717269,0.78,30347
5011,0.708099,0.78,30345
5012,0.700885,0.78,30307
5013,0.684849,0.78,30327
5014,0.675094,0.78,30281
5015,0.693855,0.78,28127
5016,0.699564,0.78,30295
5017,0.690322,0.78,30297
5018,0.682239,0.78,30294
5019,0.677569,0.78,30295
5020,0.658635,0.78,30286
5021,0.666595,0.78,30283
5022,0.646761,0.78,30250
5023,0.637252,0.78,30279
5024,0.635457,0.78,30259
5025,0.646448,0.78,30274
5026,0.635739,0.78,30138
5027,0.61692,0.78,30156
5028,0.610432,0.78,30296
5029,0.603012,0.78,30288
5030,0.611876,0.78,28611
5031,0.629768,0.78,30307
5032,0.655988,0.78,30129
5033,0.665952,0.78,30324
5034,0.685966,0.78,29620
5035,0.675059,0.78,30330
5036,0.667695,0.78,30320
5037,0.658275,0.78,30306
5038,0.645484,0.78,29878
5039,0.667444,0.78,30285
5040,0.659272,0.77,30291
5041,0.643907,0.77,30290
5042,0.625921,0.77,30115
5043,0.638978,0.77,30199
5044,0.666399,0.77,30117
5045,0.664769,0.77,27723
5046,0.679773,0.77,30277
5047,0.664417,0.77,30289
5048,0.66003,0.77,28248
5049,0.659636,0.77,30207
5050,0.643524,0.77,30182
5051,0.636821,0.77,30173
5052,0.617398,0.77,30191
5053,0.612539,0.77,30171
5054,0.603159,0.77,30225
5055,0.611228,0.77,30217
5056,0.638955,0.77,30218
5057,0.65645,0.77,30221
5058,0.675134,0.77,30173
5059,0.700022,0.77,30195
5060,0.703075,0.77,29879
5061,0.686153,0.77,28575
5062,0.682351,0.77,30192
5063,0.677302,0.77,30158
5064,0.671431,0.77,30165
5065,0.662652,0.77,30158
5066,0.654135,0.77,30153
5067,0.673385,0.77,30194
5068,0.698089,0.77,30175
5069,0.694322,0.77,30136
5070,0.677632,0.77,30155
5071,0.650127,0.77,30151
5072,0.650715,0.77,30146
5073,0.653116,0.77,30218
5074,0.644985,0.77,30151
5075,0.667188,0.77,30151
5076,0.688491,0.77,30154
5077,0.697313,0.77,30190
5078,0.709424,0.77,30213
5079,0.691884,0.77,30214
5080,0.672852,0.77,30211
5081,0.660145,0.77,30155
5082,0.657334,0.77,30186
5083,0.635002,0.77,30219
5084,0.63375,0.77,30217
5085,0.616666,0.77,30106
5086,0.595143,0.77,30214
5087,0.588916,0.77,30211
5088,0.577763,0.77,30212
5089,0.580352,0.77,30199
5090,0.611639,0.77,30179
5091,0.628152,0.77,30159
5092,0.655549,0.77,30123
5093,0.667546,0.77,30184
5094,0.691126,0.77,30188
5095,0.696118,0.77,30211
5096,0.678933,0.77,30200
5097,0.67149,0.77,30166
5098,0.660879,0.77,30137
5099,0.644472,0.77,30131
5100,0.631513,0.77,30145
5101,0.640561,0.77,30035
5102,0.679133,0.77,30180
5103,0.685862,0.77,30150
5104,0.703861,0.77,30133
5105,0.72082,0.77,30152
5106,0.741488,0.77,30028
5107,0.724295,0.77,28330
5108,0.74341,0.76,30159
5109,0.759545,0.76,30141
5110,0.763609,0.76,29998
5111,0.769996,0.76,30202
5112,0.768533,0.76,29998
5113,0.755793,0.76,30049
5114,0.740859,0.76,30123
5115,0.751993,0.76,30155
5116,0.758803,0.76,30154
5117,0.7399,0.76,30212
5118,0.725437,0.76,30165
5119,0.743876,0.76,30140
5120,0.743897,0.76,30165
5121,0.758192,0.76,30185
5122,0.757435,0.76,30201
5123,0.751394,0.76,28620
5124,0.735269,0.76,30155
5125,0.718813,0.76,30078
5126,0.735466,0.76,30141
5127,0.745974,0.76,30153
5128,0.736217,0.76,30153
5129,0.723804,0.76,30149
5130,0.70536,0.76,30154
5131,0.687132,0.76,30145
5132,0.675463,0.76,30149
5133,0.669289,0.76,29730
5134,0.660823,0.76,30161
5135,0.654143,0.76,30156
5136,0.641623,0.76,30153
5137,0.634568,0.76,30153
5138,0.634909,0.76,29654
5139,0.611644,0.76,28561
5140,0.623513,0.76,30166
5141,0.639259,0.76,30156
5142,0.661764,0.76,30116
5143,0.644447,0.76,28635
5144,0.641749,0.76,28358
5145,0.640835,0.76,30160
5146,0.623713,0.76,30156
5147,0.625953,0.76,30128
5148,0.616075,0.76,30186
5149,0.625559,0.76,30176
5150,0.618138,0.76,30140
5151,0.629996,0.76,30148
5152,0.647884,0.76,30147
5153,0.664074,0.76,30171
5154,0.653488,0.76,28642
5155,0.637457,0.76,30168
5156,0.625024,0.76,30150
5157,0.61839,0.76,30147
5158,0.616096,0.76,30190
5159,0.627347,0.76,30192
5160,0.657917,0.76,29444
5161,0.658311,0.76,29919
5162,0.671001,0.76,30142
5163,0.685909,0.76,30140
5164,0.693984,0.76,30137
5165,0.713167,0.76,30137
5166,0.714289,0.76,30099
5167,0.727834,0.76,30139
5168,0.738732,0.76,30142
5169,0.748996,0.76,30017
5170,0.724995,0.76,30139
5171,0.714996,0.76,30146
5172,0.698144,0.76,30134
5173,0.684009,0.76,27390
5174,0.666822,0.76,30173
5175,0.676572,0.76,29590
5176,0.688989,0.76,30127
5177,0.693463,0.75,30203
5178,0.704734,0.75,30173
5179,0.706209,0.75,30149
5180,0.719118,0.75,30160
5181,0.725551,0.75,30143
5182,0.737966,0.75,30008
5183,0.739997,0.75,30166
5184,0.744557,0.75,30151
5185,0.744673,0.75,30148
5186,0.730303,0.75,30127
5187,0.707068,0.75,30171
5188,0.71182,0.75,30202
5189,0.700437,0.75,30192
5190,0.716857,0.75,30152
5191,0.711474,0.75,30104
5192,0.69979,0.75,30130
5193,0.702051,0.75,30174
5194,0.68049,0.75,30186
5195,0.663222,0.75,30151
5196,0.655775,0.75,30064
5197,0.651706,0.75,30154
5198,0.64371,0.75,30152
5199,0.634643,0.75,30152
5200,0.646272,0.75,28238
5201,0.647649,0.75,30146
5202,0.636211,0.75,29745
5203,0.615488,0.75,30157
5204,0.627444,0.75,30189
5205,0.619949,0.75,30189
5206,0.641513,0.75,30153
5207,0.647152,0.75,27200
5208,0.632582,0.75,30151
5209,0.627262,0.75,30124
5210,0.611386,0.75,30160
5211,0.599091,0.75,30148
5212,0.593406,0.75,30121
5213,0.586365,0.75,30147
5214,0.608532,0.75,30125
5215,0.600648,0.75,30154
5216,0.593991,0.75,30150
5217,0.58378,0.75,29216
5218,0.59113,0.75,30138
5219,0.593581,0.75,30145
5220,0.581244,0.75,30143
5221,0.596342,0.75,30149
5222,0.596948,0.75,30155
5223,0.595221,0.75,29942
5224,0.592523,0.75,30158
5225,0.648166,0.75,30008
5226,0.655349,0.75,30152
5227,0.652005,0.75,30146
5228,0.660666,0.75,30089
5229,0.653176,0.75,30153
5230,0.656282,0.75,30133
5231,0.651966,0.75,30150
5232,0.657271,0.75,30152
5233,0.662117,0.75,30066
5234,0.655921,0.75,30200
5235,0.631948,0.75,29575
5236,0.62434,0.75,30044
5237,0.628258,0.75,30175
5238,0.615087,0.75,29877
5239,0.608523,0.75,30153
5240,0.618659,0.75,30159
5241,0.612964,0.75,29742
5242,0.60196,0.75,30179
5243,0.599088,0.75,30193
5244,0.583144,0.75,30198
5245,0.58359,0.74,30196
5246,0.593273,0.74,28597
5247,0.600365,0.74,29683
5248,0.615899,0.74,30184
5249,0.627629,0.74,30181
5250,0.639984,0.74,30100
5251,0.646867,0.74,30196
5252,0.631265,0.74,30202
5253,0.619914,0.74,30146
5254,0.614782,0.74,30150
5255,0.612224,0.74,30165
5256,0.602319,0.74,30173
5257,0.585768,0.74,30148
5258,0.576299,0.74,30142
5259,0.5657,0.74,30147
5260,0.561283,0.74,30189
5261,0.557105,0.74,30209
5262,0.580035,0.74,30212
5263,0.58776,0.74,30212
5264,0.587441,0.74,30191
5265,0.59146,0.74,30160
5266,0.577664,0.74,30176
5267,0.568065,0.74,30213
5268,0.580508,0.74,30209
5269,0.585566,0.74,30210
5270,0.597915,0.74,30182
5271,0.590552,0.74,30174
5272,0.601045,0.74,29672
5273,0.610918,0.74,30205
5274,0.618906,0.74,30205
5275,0.618104,0.74,30201
5276,0.613065,0.74,30188
5277,0.618733,0.74,30208
5278,0.610492,0.74,30192
5279,0.621008,0.74,30206
5280,0.604263,0.74,30168
5281,0.605831,0.74,30187
5282,0.599646,0.74,28792
5283,0.58676,0.74,30202
5284,0.575858,0.74,30170
5285,0.565106,0.74,30143
5286,0.558952,0.74,30155
5287,0.553916,0.74,30174
5288,0.564008,0.74,30156
5289,0.574782,0.74,30146
5290,0.570928,0.74,29828
5291,0.562133,0.74,30155
5292,0.554609,0.74,28297
5293,0.540573,0.74,28532
5294,0.53029,0.74,30157
5295,0.536164,0.74,30161
5296,0.557054,0.74,30148
5297,0.564187,0.74,30142
5298,0.565692,0.74,30152
5299,0.554868,0.74,30152
5300,0.543549,0.74,30146
5301,0.534159,0.74,30157
5302,0.554424,0.74,30149
5303,0.559616,0.74,29920
5304,0.554054,0.74,30150
5305,0.558593,0.74,30156
5306,0.546791,0.74,30155
5307,0.541765,0.74,29556
5308,0.530783,0.74,30143
5309,0.539816,0.74,30154
5310,0.542676,0.74,27556
5311,0.55093,0.74,30141
5312,0.568057,0.74,30148
5313,0.563776,0.74,30118
5314,0.548231,0.73,30188
5315,0.534663,0.73,30160
5316,0.521315,0.73,30198
5317,0.511589,0.73,30162
5318,0.53141,0.73,30189
5319,0.552683,0.73,30187
5320,0.566138,0.73,30179
5321,0.575632,0.73,30186
5322,0.587547,0.73,30133
5323,0.587028,0.73,30165
5324,0.594632,0.73,30148
5325,0.604623,0.73,30124
5326,0.613304,0.73,27490
5327,0.611722,0.73,30148
5328,0.60238,0.73,28072
5329,0.597908,0.73,30148
5330,0.594081,0.73,30140
5331,0.590771,0.73,30150
5332,0.593073,0.73,30135
5333,0.603926,0.73,30165
5334,0.611806,0.73,30119
5335,0.611508,0.73,30145
5336,0.610845,0.73,30160
5337,0.615425,0.73,30150
5338,0.621911,0.73,27501
5339,0.628192,0.73,30132
5340,0.621382,0.73,30161
5341,0.619743,0.73,30186
5342,0.603788,0.73,29487
5343,0.613134,0.73,30189
5344,0.604313,0.73,30173
5345,0.587136,0.73,29995
5346,0.598416,0.73,29884
5347,0.583278,0.73,30145
5348,0.574497,0.73,30042
5349,0.562368,0.73,30144
5350,0.541938,0.73,30180
5351,0.533939,0.73,30192
5352,0.531288,0.73,30150
5353,0.52031,0.73,29922
5354,0.51594,0.73,30199
5355,0.507104,0.73,30184
5356,0.493803,0.73,29930
5357,0.509507,0.73,29658
5358,0.532571,0.73,30189
5359,0.539109,0.73,29558
5360,0.554672,0.73,28457
5361,0.567667,0.73,30147
5362,0.557619,0.73,30155
5363,0.566664,0.73,30104
5364,0.569927,0.73,30150
5365,0.5628,0.73,30147
5366,0.550972,0.73,29926
5367,0.53858,0.73,30154
5368,0.524035,0.73,30143
5369,0.519341,0.73,30146
5370,0.516362,0.73,30142
5371,0.511388,0.73,30163
5372,0.510472,0.73,28708
5373,0.506272,0.73,30185
5374,0.505885,0.73,30099
5375,0.511196,0.73,30137
5376,0.524861,0.73,30154
5377,0.514473,0.73,30143
5378,0.529013,0.73,30185
5379,0.543261,0.73,29830
5380,0.549533,0.73,30167
5381,0.550681,0.73,30160
5382,0.545487,0.72,30172
5383,0.55213,0.72,27318
5384,0.538318,0.72,27602
5385,0.530075,0.72,30119
5386,0.520986,0.72,30210
5387,0.513677,0.72,30210
5388,0.496005,0.72,30197
5389,0.493029,0.72,30201
5390,0.505715,0.72,30211
5391,0.522567,0.72,30202
5392,0.530165,0.72,30209
5393,0.526618,0.72,30145
5394,0.53356,0.72,30159
5395,0.545141,0.72,30131
5396,0.556719,0.72,30136
5397,0.560924,0.72,28870
5398,0.55266,0.72,30174
5399,0.562604,0.72,29400
5400,0.553262,0.72,30054
5401,0.542857,0.72,29749
5402,0.535994,0.72,30146
5403,0.526174,0.72,30111
5404,0.52621,0.72,30148
5405,0.5359,0.72,30134
5406,0.535474,0.72,30139
5407,0.524698,0.72,30163
5408,0.517833,0.72,30089
5409,0.527265,0.72,30148
5410,0.544856,0.72,30150
5411,0.544302,0.72,30146
5412,0.55661,0.72,30062
5413,0.56801,0.72,30144
5414,0.575852,0.72,30177
5415,0.58737,0.72,29593
5416,0.587991,0.72,30154
5417,0.586743,0.72,30148
5418,0.591341,0.72,30166
5419,0.590178,0.72,30154
5420,0.575583,0.72,30130
5421,0.563991,0.72,30166
5422,0.555739,0.72,29771
5423,0.536494,0.72,30156
5424,0.526134,0.72,30171
5425,0.521631,0.72,30156
5426,0.516874,0.72,29403
5427,0.49756,0.72,29616
5428,0.497504,0.72,30202
5429,0.510558,0.72,26708
5430,0.520565,0.72,30149
5431,0.523721,0.72,30145
5432,0.520539,0.72,30165
5433,0.529143,0.72,30168
5434,0.536396,0.72,30155
5435,0.539909,0.72,30204
5436,0.536548,0.72,30202
5437,0.52572,0.72,29803
5438,0.507997,0.72,30204
5439,0.499789,0.72,30202
5440,0.482656,0.72,30150
5441,0.473483,0.72,30150
5442,0.473194,0.72,28142
5443,0.467211,0.72,30201
5444,0.480859,0.72,30210
5445,0.497148,0.72,30217
5446,0.508982,0.72,30209
5447,0.51442,0.72,30181
5448,0.532548,0.72,30191
5449,0.539,0.72,30152
5450,0.542388,0.71,30167
5451,0.556084,0.71,30161
5452,0.5431,0.71,30060
5453,0.53749,0.71,30154
5454,0.527373,0.71,30085
5455,0.516246,0.71,30138
5456,0.502631,0.71,30113
5457,0.512775,0.71,30145
5458,0.509212,0.71,30115
5459,0.508123,0.71,30152
5460,0.495424,0.71,30153
5461,0.492537,0.71,30153
5462,0.481044,0.71,30017
5463,0.47483,0.71,30176
5464,0.466447,0.71,29776
5465,0.460745,0.71,30150
5466,0.466689,0.71,30193
5467,0.482623,0.71,30127
5468,0.488994,0.71,29401
5469,0.479201,0.71,30170
5470,0.480929,0.71,30100
5471,0.471293,0.71,30134
5472,0.457614,0.71,30203
5473,0.453766,0.71,30109
5474,0.442589,0.71,30189
5475,0.442922,0.71,28086
5476,0.43684,0.71,30155
5477,0.424718,0.71,30124
5478,0.442244,0.71,30150
5479,0.458484,0.71,30140
5480,0.459032,0.71,30127
5481,0.456753,0.71,30154
5482,0.444613,0.71,30091
5483,0.447932,0.71,29623
5484,0.463859,0.71,30152
5485,0.472325,0.71,30155
5486,0.486061,0.71,30178
5487,0.488268,0.71,30149
5488,0.475442,0.71,30162
5489,0.47115,0.71,30023
5490,0.477634,0.71,30046
5491,0.474327,0.71,30153
5492,0.463312,0.71,30141
5493,0.457379,0.71,30134
5494,0.447597,0.71,30062
5495,0.44199,0.71,30131
5496,0.451043,0.71,27973
5497,0.456895,0.71,30136
5498,0.456508,0.71,30139
5499,0.467276,0.71,29720
5500,0.477033,0.71,30140
5501,0.486562,0.71,30152
5502,0.495747,0.71,30143
5503,0.501015,0.71,30135
5504,0.498346,0.71,30153
5505,0.489568,0.71,29644
5506,0.485137,0.71,30141
5507,0.486227,0.71,29539
5508,0.483109,0.71,30024
5509,0.485366,0.71,30147
5510,0.478349,0.71,30142
5511,0.477713,0.71,30144
5512,0.476836,0.71,30132
5513,0.474078,0.71,30030
5514,0.475252,0.71,30181
5515,0.477151,0.71,30150
5516,0.459265,0.71,30145
5517,0.460269,0.71,28613
5518,0.454307,0.71,29922
5519,0.443203,0.7,30149
5520,0.444451,0.7,30153
5521,0.445398,0.7,30138
5522,0.461741,0.7,28277
5523,0.469309,0.7,30175
5524,0.483688,0.7,30160
5525,0.498097,0.7,30095
5526,0.49745,0.7,30151
5527,0.492014,0.7,30151
5528,0.476429,0.7,29940
5529,0.47068,0.7,30092
5530,0.471163,0.7,30144
5531,0.486964,0.7,30156
5532,0.48934,0.7,29748
5533,0.482877,0.7,30175
5534,0.481535,0.7,30167
5535,0.475961,0.7,30143
5536,0.477708,0.7,30197
5537,0.47364,0.7,28256
5538,0.482247,0.7,30144
5539,0.487691,0.7,30148
5540,0.490789,0.7,30151
5541,0.492373,0.7,30142
5542,0.487563,0.7,30133
5543,0.483589,0.7,30167
5544,0.478857,0.7,30175
5545,0.473136,0.7,30204
5546,0.464441,0.7,30209
5547,0.455622,0.7,30203
5548,0.459708,0.7,30207
5549,0.4594,0.7,30213
5550,0.460016,0.7,29618
5551,0.454197,0.7,30162
5552,0.44946,0.7,30154
5553,0.444906,0.7,30138
5554,0.456352,0.7,30145
5555,0.462346,0.7,29793
5556,0.468799,0.7,30178
5557,0.4621,0.7,30155
5558,0.46007,0.7,30191
5559,0.453517,0.7,30168
5560,0.455563,0.7,30153
5561,0.450788,0.7,30151
5562,0.442,0.7,30197
5563,0.451798,0.7,30185
5564,0.46512,0.7,30072
5565,0.477836,0.7,30201
5566,0.473412,0.7,30188
5567,0.468902,0.7,30138
5568,0.465954,0.7,27989
5569,0.458024,0.7,30157
5570,0.451477,0.7,30164
5571,0.449184,0.7,29379
5572,0.443364,0.7,30197
5573,0.456946,0.7,30159
5574,0.46611,0.7,30194
5575,0.471658,0.7,30151
5576,0.465744,0.7,30164
5577,0.457698,0.7,30146
5578,0.455778,0.7,29940
5579,0.464958,0.7,30149
5580,0.475934,0.7,30128
5581,0.481689,0.7,30142
5582,0.481526,0.7,30144
5583,0.48556,0.7,30131
5584,0.494622,0.7,30151
5585,0.481012,0.7,30037
5586,0.472783,0.7,30145
5587,0.462358,0.69,30062
5588,0.453705,0.69,26162
5589,0.444374,0.69,30150
5590,0.451173,0.69,30145
5591,0.462182,0.69,29844
5592,0.467003,0.69,30202
5593,0.458587,0.69,30190
5594,0.447562,0.69,29839
5595,0.445529,0.69,30086
5596,0.444475,0.69,30172
5597,0.449426,0.69,30149
5598,0.443213,0.69,30054
5599,0.450504,0.69,30158
5600,0.450243,0.69,30192
5601,0.443448,0.69,30203
5602,0.431133,0.69,30191
5603,0.453957,0.69,30186
5604,0.460271,0.69,26342
5605,0.452185,0.69,30159
5606,0.438495,0.69,30202
5607,0.432043,0.69,29431
5608,0.445817,0.69,30148
5609,0.447911,0.69,30147
5610,0.452335,0.69,30148
5611,0.451213,0.69,30150
5612,0.464581,0.69,30133
5613,0.464363,0.69,30139
5614,0.458871,0.69,28040
5615,0.449565,0.69,30152
5616,0.444062,0.69,30146
5617,0.434649,0.69,30152
5618,0.42648,0.69,29472
5619,0.43199,0.69,29650
5620,0.441862,0.69,30157
5621,0.450257,0.69,30052
5622,0.459612,0.69,30154
5623,0.468751,0.69,30169
5624,0.461501,0.69,30149
5625,0.453964,0.69,30180
5626,0.449009,0.69,30097
5627,0.434828,0.69,30185
5628,0.433169,0.69,30158
5629,0.432635,0.69,30067
5630,0.427843,0.69,30194
5631,0.427265,0.69,30168
5632,0.42639,0.69,30036
5633,0.418521,0.69,30156
5634,0.418295,0.69,30183
5635,0.403203,0.69,28505
5636,0.398001,0.69,30208
5637,0.395823,0.69,30212
5638,0.393434,0.69,30208
5639,0.408033,0.69,30174
5640,0.420693,0.69,30176
5641,0.419621,0.69,30149
5642,0.42266,0.69,30140
5643,0.416128,0.69,30151
5644,0.429031,0.69,30157
5645,0.43485,0.69,30180
5646,0.435045,0.69,30158
5647,0.435193,0.69,30154
5648,0.434089,0.69,30135
5649,0.428032,0.69,30185
5650,0.424886,0.69,29918
5651,0.42115,0.69,30201
5652,0.428157,0.69,30198
5653,0.425377,0.69,30159
5654,0.43377,0.69,29399
5655,0.436879,0.69,30135
5656,0.436748,0.68,30141
5657,0.423315,0.68,30146
5658,0.449992,0.68,30154
5659,0.449754,0.68,30156
5660,0.463362,0.68,30169
5661,0.459202,0.68,28710
5662,0.454136,0.68,30175
5663,0.448667,0.68,30202
5664,0.439582,0.68,29866
5665,0.438725,0.68,30198
5666,0.428801,0.68,30157
5667,0.42178,0.68,30151
5668,0.421134,0.68,29752
5669,0.420176,0.68,30151
5670,0.435505,0.68,30125
5671,0.450509,0.68,30153
5672,0.450124,0.68,30168
5673,0.458933,0.68,30161
5674,0.454567,0.68,30121
5675,0.447465,0.68,30139
5676,0.43698,0.68,30157
5677,0.433479,0.68,29779
5678,0.433652,0.68,29917
5679,0.434652,0.68,30148
5680,0.445696,0.68,30152
5681,0.452211,0.68,30177
5682,0.459118,0.68,30179
5683,0.464452,0.68,30145
5684,0.462017,0.68,30137
5685,0.457706,0.68,26313
5686,0.451414,0.68,30162
5687,0.446107,0.68,30193
5688,0.446914,0.68,30173
5689,0.451818,0.68,30172
5690,0.442012,0.68,30150
5691,0.442674,0.68,30142
5692,0.438493,0.68,30144
5693,0.444774,0.68,30168
5694,0.454554,0.68,30144
5695,0.458706,0.68,30144
5696,0.453051,0.68,30101
5697,0.446005,0.68,30169
5698,0.442836,0.68,30152
5699,0.44639,0.68,30144
5700,0.437217,0.68,30159
5701,0.435832,0.68,30153
5702,0.444846,0.68,30151
5703,0.435344,0.68,30156
5704,0.447505,0.68,30189
5705,0.44128,0.68,30158
5706,0.434254,0.68,24379
5707,0.435671,0.68,27950
5708,0.432989,0.68,30144
5709,0.440872,0.68,30185
5710,0.443372,0.68,30194
5711,0.456023,0.68,29802
5712,0.453699,0.68,29852
5713,0.462122,0.68,30147
5714,0.469741,0.68,30142
5715,0.45529,0.68,30156
5716,0.452191,0.68,30146
5717,0.442033,0.68,29721
5718,0.435965,0.68,30166
5719,0.444356,0.68,30186
5720,0.450527,0.68,28288
5721,0.457023,0.68,30139
5722,0.462449,0.68,30136
5723,0.449465,0.68,30144
5724,0.439513,0.67,30111
5725,0.427171,0.67,30072
5726,0.420723,0.67,30153
5727,0.423466,0.67,30082
5728,0.417235,0.67,30149
5729,0.407201,0.67,30026
5730,0.405645,0.67,30149
5731,0.400046,0.67,30147
5732,0.475368,0.67,30154
5733,0.476982,0.67,30158
5734,0.476819,0.67,29209
5735,0.47449,0.67,29428
5736,0.470832,0.67,30120
5737,0.460431,0.67,30167
5738,0.452604,0.67,30153
5739,0.448586,0.67,30187
5740,0.443998,0.67,29479
5741,0.455278,0.67,30203
5742,0.443618,0.67,30213
5743,0.445079,0.67,30196
5744,0.448918,0.67,30157
5745,0.441601,0.67,29531
5746,0.432777,0.67,30156
5747,0.431057,0.67,30132
5748,0.426756,0.67,30145
5749,0.421886,0.67,30153
5750,0.41738,0.67,30134
5751,0.410348,0.67,29977
5752,0.418338,0.67,30165
5753,0.422705,0.67,27796
5754,0.43253,0.67,30014
5755,0.433598,0.67,30114
5756,0.427321,0.67,29587
5757,0.414515,0.67,30144
5758,0.415874,0.67,30147
5759,0.42475,0.67,30140
5760,0.429366,0.67,30151
5761,0.429596,0.67,30048
5762,0.434479,0.67,30157
5763,0.441441,0.67,30155
5764,0.448846,0.67,30161
5765,0.441177,0.67,30192
5766,0.432817,0.67,30154
5767,0.44333,0.67,30152
5768,0.446574,0.67,30137
5769,0.455607,0.67,30143
5770,0.45729,0.67,30150
5771,0.463171,0.67,30002
5772,0.469117,0.67,30155
5773,0.462651,0.67,30181
5774,0.450881,0.67,30154
5775,0.442892,0.67,30146
5776,0.428545,0.67,30109
5777,0.434439,0.67,30152
5778,0.439673,0.67,30090
5779,0.433271,0.67,30151
5780,0.435173,0.67,30153
5781,0.433488,0.67,30126
5782,0.436424,0.67,30199
5783,0.442945,0.67,28045
5784,0.434422,0.67,30150
5785,0.429304,0.67,30060
5786,0.425061,0.67,28427
5787,0.428499,0.67,30115
5788,0.423853,0.67,30150
5789,0.415712,0.67,30139
5790,0.407867,0.67,30027
5791,0.40155,0.67,30158
5792,0.409032,0.67,27143
5793,0.416555,0.66,30065
5794,0.425338,0.66,30164
5795,0.42676,0.66,30150
5796,0.432089,0.66,30162
5797,0.429719,0.66,30185
5798,0.428096,0.66,30209
5799,0.41754,0.66,29664
5800,0.411819,0.66,28138
5801,0.392988,0.66,30155
5802,0.379938,0.66,30164
5803,0.380115,0.66,30162
5804,0.396204,0.66,30147
5805,0.401595,0.66,30159
5806,0.408991,0.66,30154
5807,0.426233,0.66,30056
5808,0.414689,0.66,30163
5809,0.401975,0.66,30207
5810,0.409912,0.66,30165
5811,0.416074,0.66,30154
5812,0.421275,0.66,30153
5813,0.425156,0.66,30150
5814,0.422884,0.66,30135
5815,0.424261,0.66,30160
5816,0.425549,0.66,30153
5817,0.42109,0.66,30214
5818,0.412234,0.66,30193
5819,0.411582,0.66,30185
5820,0.399644,0.66,30080
5821,0.4048,0.66,30198
5822,0.399979,0.66,30191
5823,0.388637,0.66,30188
5824,0.376657,0.66,30161
5825,0.37521,0.66,26940
5826,0.380096,0.66,30103
5827,0.377662,0.66,30150
5828,0.390949,0.66,30152
5829,0.403615,0.66,30144
5830,0.412604,0.66,30155
5831,0.414451,0.66,30212
5832,0.416686,0.66,30170
5833,0.418239,0.66,30176
5834,0.422273,0.66,24490
5835,0.421004,0.66,30016
5836,0.413528,0.66,30151
5837,0.405482,0.66,30167
5838,0.39534,0.66,30147
5839,0.410549,0.66,30147
5840,0.418931,0.66,30149
5841,0.430582,0.66,30154
5842,0.437455,0.66,29356
5843,0.441485,0.66,30189
5844,0.437705,0.66,30210
5845,0.446845,0.66,30134
5846,0.451136,0.66,28186
5847,0.46035,0.66,30156
5848,0.455533,0.66,28301
5849,0.454834,0.66,30160
5850,0.451451,0.66,30180
5851,0.448696,0.66,30151
5852,0.436805,0.66,30157
5853,0.431928,0.66,30031
5854,0.42505,0.66,30161
5855,0.420034,0.66,30124
5856,0.411766,0.66,30165
5857,0.410688,0.66,30162
5858,0.417323,0.66,30172
5859,0.422048,0.66,30185
5860,0.423715,0.66,30219
5861,0.414094,0.65,30175
5862,0.410053,0.65,28538
5863,0.394347,0.65,30170
5864,0.403078,0.65,30128
5865,0.410292,0.65,25363
5866,0.406961,0.65,30193
5867,0.415832,0.65,30146
5868,0.403312,0.65,30149
5869,0.402487,0.65,30138
5870,0.396534,0.65,30157
5871,0.389102,0.65,30157
5872,0.382245,0.65,30161
5873,0.380803,0.65,30162
5874,0.396966,0.65,30143
5875,0.388371,0.65,30040
5876,0.41103,0.65,30067
5877,0.416708,0.65,30098
5878,0.424174,0.65,30161
5879,0.431575,0.65,30153
5880,0.436712,0.65,30158
5881,0.437402,0.65,29982
5882,0.428578,0.65,30168
5883,0.427091,0.65,28080
5884,0.424348,0.65,30151
5885,0.427364,0.65,30140
5886,0.426199,0.65,30180
5887,0.414541,0.65,30148
5888,0.415075,0.65,30158
5889,0.407045,0.65,29045
5890,0.416272,0.65,30154
5891,0.421888,0.65,30046
5892,0.416513,0.65,30149
5893,0.416738,0.65,28064
5894,0.40977,0.65,30142
5895,0.40254,0.65,29993
5896,0.404233,0.65,30164
5897,0.40455,0.65,30207
5898,0.397572,0.65,30144
5899,0.407906,0.65,30196
5900,0.410139,0.65,30143
5901,0.416057,0.65,30159
5902,0.41698,0.65,30147
5903,0.421899,0.65,30152
5904,0.422311,0.65,30155
5905,0.417613,0.65,30183
5906,0.423268,0.65,27233
5907,0.4235,0.65,30191
5908,0.417741,0.65,30174
5909,0.423985,0.65,30138
5910,0.418639,0.65,30152
5911,0.411633,0.65,30157
5912,0.408846,0.65,30152
5913,0.401602,0.65,30130
5914,0.408493,0.65,30154
5915,0.40776,0.65,30155
5916,0.403277,0.65,30146
5917,0.414399,0.65,30184
5918,0.421005,0.65,30214
5919,0.428043,0.65,30210
5920,0.42681,0.65,30211
5921,0.434295,0.65,30210
5922,0.433871,0.65,30165
5923,0.442582,0.65,30202
5924,0.435339,0.65,30177
5925,0.417416,0.65,30182
5926,0.422039,0.65,30179
5927,0.422861,0.65,30199
5928,0.429089,0.65,30167
5929,0.425809,0.64,30032
5930,0.426557,0.64,30036
5931,0.423253,0.64,30156
5932,0.429977,0.64,29980
5933,0.422005,0.64,30183
5934,0.420555,0.64,30118
5935,0.417886,0.64,30150
5936,0.420574,0.64,30123
5937,0.421676,0.64,30146
5938,0.417331,0.64,28376
5939,0.417213,0.64,30154
5940,0.408009,0.64,30149
5941,0.399028,0.64,30142
5942,0.395787,0.64,30147
5943,0.399184,0.64,30157
5944,0.404548,0.64,30157
5945,0.415062,0.64,30153
5946,0.415316,0.64,30144
5947,0.407492,0.64,30150
5948,0.400394,0.64,30153
5949,0.397964,0.64,30154
5950,0.395449,0.64,30151
5951,0.393171,0.64,30150
5952,0.383213,0.64,30164
5953,0.384904,0.64,30151
5954,0.378618,0.64,29895
5955,0.379051,0.64,30147
5956,0.380157,0.64,30148
5957,0.383224,0.64,30146
5958,0.380033,0.64,30151
5959,0.38225,0.64,30144
5960,0.378849,0.64,30154
5961,0.376569,0.64,30152
5962,0.372196,0.64,30151
5963,0.384762,0.64,30169
5964,0.389493,0.64,30086
5965,0.397661,0.64,30118
5966,0.397784,0.64,30199
5967,0.404064,0.64,29652
5968,0.399996,0.64,30160
5969,0.398549,0.64,30161
5970,0.394272,0.64,30194
5971,0.387647,0.64,29410
5972,0.381523,0.64,27096
5973,0.367296,0.64,30151
5974,0.371064,0.64,30155
5975,0.374381,0.64,30146
5976,0.382228,0.64,30157
5977,0.379203,0.64,30157
5978,0.387744,0.64,29802
5979,0.392059,0.64,30152
5980,0.393198,0.64,29939
5981,0.387941,0.64,30147
5982,0.380345,0.64,30149
5983,0.369801,0.64,30148
5984,0.364381,0.64,28272
5985,0.371657,0.64,30152
5986,0.37905,0.64,30157
5987,0.377851,0.64,30148
5988,0.375316,0.64,30176
5989,0.380235,0.64,30164
5990,0.373934,0.64,30156
5991,0.365789,0.64,30139
5992,0.361738,0.64,29352
5993,0.35825,0.64,30017
5994,0.352567,0.64,30125
5995,0.350465,0.64,30130
5996,0.352755,0.64,30157
5997,0.342971,0.64,30144
5998,0.345148,0.63,30144
5999,0.35249,0.63,30176
6000,0.356957,0.63,30304
6001,0.364852,0.63,30330
6002,0.363946,0.63,30392
6003,0.353946,0.63,30297
6004,0.361032,0.63,30288
6005,0.361319,0.63,27366
6006,0.374109,0.63,30219
6007,0.382672,0.63,30287
6008,0.377606,0.63,30288
6009,0.376338,0.63,30289
6010,0.373324,0.63,29811
6011,0.378951,0.63,30219
6012,0.367668,0.63,30316
6013,0.375871,0.63,30293
6014,0.379318,0.63,30293
6015,0.373172,0.63,30278
6016,0.374603,0.63,30280
6017,0.373157,0.63,30196
6018,0.366103,0.63,30228
6019,0.364337,0.63,29529
6020,0.360438,0.63,30292
6021,0.355264,0.63,30147
6022,0.351401,0.63,30285
6023,0.349934,0.63,29960
6024,0.342467,0.63,30229
6025,0.33771,0.63,30340
6026,0.337674,0.63,30342
6027,0.335777,0.63,29732
6028,0.337871,0.63,30328
6029,0.332214,0.63,30334
6030,0.338559,0.63,28841
6031,0.333024,0.63,30316
6032,0.332872,0.63,30256
6033,0.333846,0.63,30277
6034,0.342126,0.63,27501
6035,0.342156,0.63,30251
6036,0.344359,0.63,30241
6037,0.333125,0.63,30198
6038,0.332581,0.63,28675
6039,0.343025,0.63,30193
6040,0.360252,0.63,30257
6041,0.365533,0.63,30271
6042,0.355877,0.63,30223
6043,0.351578,0.63,29993
6044,0.347755,0.63,30199
6045,0.338822,0.63,30180
6046,0.331847,0.63,30096
6047,0.343159,0.63,30159
6048,0.352114,0.63,30142
6049,0.361474,0.63,30169
6050,0.362229,0.63,30167
6051,0.362973,0.63,29593
6052,0.354968,0.63,30154
6053,0.34622,0.63,30163
6054,0.332409,0.63,30156
6055,0.335744,0.63,30053
6056,0.341871,0.63,29921
6057,0.348091,0.63,30185
6058,0.352839,0.63,30210
6059,0.355014,0.63,30173
6060,0.358381,0.63,30153
6061,0.364185,0.63,30156
6062,0.37466,0.63,30168
6063,0.373157,0.63,30166
6064,0.369884,0.63,30166
6065,0.366055,0.63,30185
6066,0.361587,0.62,30216
6067,0.359314,0.62,30212
6068,0.358958,0.62,30172
6069,0.354432,0.62,30169
6070,0.350466,0.62,30168
6071,0.352945,0.62,30164
6072,0.361183,0.62,30154
6073,0.364062,0.62,29429
6074,0.374121,0.62,30169
6075,0.37634,0.62,30184
6076,0.378304,0.62,28203
6077,0.375759,0.62,30161
6078,0.37342,0.62,30155
6079,0.374162,0.62,30160
6080,0.382523,0.62,30217
6081,0.374155,0.62,30215
6082,0.368024,0.62,30175
6083,0.352047,0.62,30216
6084,0.348118,0.62,30216
6085,0.349208,0.62,30207
6086,0.345096,0.62,30150
6087,0.341763,0.62,30153
6088,0.332958,0.62,30133
6089,0.331059,0.62,28742
6090,0.338497,0.62,30131
6091,0.343159,0.62,30048
6092,0.33994,0.62,30153
6093,0.332284,0.62,29427
6094,0.351779,0.62,30154
6095,0.356199,0.62,30185
6096,0.361688,0.62,29685
6097,0.356425,0.62,30167
6098,0.350056,0.62,30182
6099,0.353915,0.62,30036
6100,0.35077,0.62,29875
6101,0.344602,0.62,30148
6102,0.342119,0.62,30153
6103,0.339704,0.62,30130
6104,0.329127,0.62,30204
6105,0.327971,0.62,30060
6106,0.323459,0.62,29710
6107,0.317477,0.62,30142
6108,0.309402,0.62,29757
6109,0.310683,0.62,30164
6110,0.310558,0.62,30197
6111,0.314079,0.62,30020
6112,0.314586,0.62,30155
6113,0.320088,0.62,27733
6114,0.317712,0.62,30148
6115,0.319635,0.62,30151
6116,0.328482,0.62,30058
6117,0.333733,0.62,30092
6118,0.339908,0.62,30160
6119,0.339654,0.62,30154
6120,0.342275,0.62,30155
6121,0.341619,0.62,30149
6122,0.333336,0.62,28297
6123,0.335252,0.62,29776
6124,0.329978,0.62,30183
6125,0.327313,0.62,30208
6126,0.321816,0.62,30209
6127,0.318739,0.62,30175
6128,0.321697,0.62,30163
6129,0.329399,0.62,30152
6130,0.340637,0.62,30143
6131,0.353833,0.62,28470
6132,0.361385,0.62,30126
6133,0.362026,0.62,30149
6134,0.362261,0.62,30050
6135,0.36554,0.61,30149
6136,0.359257,0.61,30144
6137,0.357361,0.61,29530
6138,0.353734,0.61,30144
6139,0.348509,0.61,30133
6140,0.345444,0.61,28094
6141,0.339481,0.61,30181
6142,0.332136,0.61,30183
6143,0.337899,0.61,30180
6144,0.346812,0.61,30199
6145,0.338615,0.61,30194
6146,0.325176,0.61,30160
6147,0.329743,0.61,29506
6148,0.331523,0.61,30196
6149,0.337322,0.61,30170
6150,0.333186,0.61,30143
6151,0.339103,0.61,29796
6152,0.346663,0.61,28024
6153,0.349366,0.61,30123
6154,0.343486,0.61,28581
6155,0.35234,0.61,30149
6156,0.345452,0.61,30145
6157,0.343095,0.61,30129
6158,0.339802,0.61,27389
6159,0.334866,0.61,30148
6160,0.325156,0.61,30163
6161,0.319844,0.61,30149
6162,0.313972,0.61,29812
6163,0.31165,0.61,30156
6164,0.309063,0.61,30155
6165,0.302155,0.61,30137
6166,0.299664,0.61,30156
6167,0.30807,0.61,30152
6168,0.318392,0.61,28424
6169,0.3222,0.61,30158
6170,0.326935,0.61,29681
6171,0.326608,0.61,30155
6172,0.320464,0.61,30159
6173,0.314694,0.61,30093
6174,0.310912,0.61,30154
6175,0.307106,0.61,30149
6176,0.322993,0.61,30153
6177,0.318262,0.61,30100
6178,0.306848,0.61,30014
6179,0.302127,0.61,27006
6180,0.3012,0.61,28779
6181,0.30659,0.61,30145
6182,0.310147,0.61,30141
6183,0.313406,0.61,30170
6184,0.307018,0.61,30101
6185,0.31282,0.61,25231
6186,0.315928,0.61,29670
6187,0.316451,0.61,30182
6188,0.321386,0.61,30188
6189,0.323517,0.61,30150
6190,0.320507,0.61,30014
6191,0.319667,0.61,29853
6192,0.318361,0.61,30181
6193,0.315612,0.61,30162
6194,0.311717,0.61,30139
6195,0.320945,0.61,29847
6196,0.326153,0.61,30144
6197,0.317429,0.61,30185
6198,0.311941,0.61,30108
6199,0.301255,0.61,30153
6200,0.301011,0.61,30065
6201,0.294721,0.61,30155
6202,0.291963,0.61,30140
6203,0.296667,0.6,30152
6204,0.380262,0.6,30176
6205,0.378672,0.6,30028
6206,0.375861,0.6,30193
6207,0.365736,0.6,29998
6208,0.357546,0.6,30050
6209,0.345578,0.6,29872
6210,0.342557,0.6,30202
6211,0.334904,0.6,30185
6212,0.323327,0.6,30158
6213,0.343559,0.6,30147
6214,0.344485,0.6,27871
6215,0.34476,0.6,30171
6216,0.349108,0.6,30046
6217,0.349586,0.6,30151
6218,0.346494,0.6,30154
6219,0.343549,0.6,30170
6220,0.332562,0.6,30198
6221,0.325286,0.6,29199
6222,0.329724,0.6,29680
6223,0.33429,0.6,30196
6224,0.328781,0.6,30172
6225,0.323364,0.6,30163
6226,0.321392,0.6,30131
6227,0.314607,0.6,30177
6228,0.311537,0.6,30153
6229,0.306194,0.6,30148
6230,0.298562,0.6,30178
6231,0.297821,0.6,30203
6232,0.295286,0.6,30164
6233,0.288103,0.6,30153
6234,0.288471,0.6,30147
6235,0.290414,0.6,30156
6236,0.295025,0.6,30155
6237,0.304432,0.6,30101
6238,0.307355,0.6,30190
6239,0.303184,0.6,30208
6240,0.304669,0.6,30202
6241,0.312326,0.6,30203
6242,0.305553,0.6,29987
6243,0.303182,0.6,30113
6244,0.303261,0.6,30155
6245,0.295566,0.6,30058
6246,0.292401,0.6,30149
6247,0.291543,0.6,30150
6248,0.292236,0.6,30178
6249,0.287015,0.6,30196
6250,0.285119,0.6,29833
6251,0.28475,0.6,25117
6252,0.28507,0.6,30179
6253,0.286069,0.6,30150
6254,0.288658,0.6,30176
6255,0.294299,0.6,30199
6256,0.306811,0.6,30155
6257,0.312155,0.6,30173
6258,0.31334,0.6,30168
6259,0.32081,0.6,30155
6260,0.322333,0.6,28477
6261,0.321909,0.6,30194
6262,0.320356,0.6,30180
6263,0.32039,0.6,30205
6264,0.321924,0.6,30178
6265,0.315281,0.6,30164
6266,0.30459,0.6,30077
6267,0.302935,0.6,29325
6268,0.302252,0.6,30127
6269,0.304073,0.6,29922
6270,0.305405,0.6,30153
6271,0.302043,0.6,30150
6272,0.297924,0.59,30137
6273,0.294596,0.59,30142
6274,0.290324,0.59,30143
6275,0.29319,0.59,29543
6276,0.295743,0.59,30109
6277,0.299435,0.59,30155
6278,0.302365,0.59,30156
6279,0.29804,0.59,29967
6280,0.295754,0.59,30143
6281,0.290277,0.59,29524
6282,0.287692,0.59,30201
6283,0.282544,0.59,29995
6284,0.277758,0.59,30133
6285,0.280458,0.59,30154
6286,0.272245,0.59,30188
6287,0.269691,0.59,30153
6288,0.271344,0.59,30177
6289,0.272606,0.59,30179
6290,0.275001,0.59,30174
6291,0.26684,0.59,30155
6292,0.275842,0.59,30187
6293,0.282028,0.59,30207
6294,0.28255,0.59,30147
6295,0.28038,0.59,30163
6296,0.280077,0.59,30077
6297,0.276595,0.59,30184
6298,0.272015,0.59,30187
6299,0.268529,0.59,30139
6300,0.263178,0.59,28887
6301,0.274767,0.59,30183
6302,0.280709,0.59,30162
6303,0.279042,0.59,30106
6304,0.275456,0.59,30152
6305,0.267457,0.59,30148
6306,0.26151,0.59,28306
6307,0.264203,0.59,30150
6308,0.267434,0.59,29782
6309,0.269649,0.59,30152
6310,0.277759,0.59,30147
6311,0.281806,0.59,30152
6312,0.279465,0.59,30168
6313,0.284132,0.59,30169
6314,0.285611,0.59,30207
6315,0.281713,0.59,30159
6316,0.283883,0.59,30159
6317,0.289986,0.59,30140
6318,0.290127,0.59,30152
6319,0.288705,0.59,29988
6320,0.289546,0.59,30147
6321,0.286568,0.59,30053
6322,0.287554,0.59,29655
6323,0.291351,0.59,30148
6324,0.29723,0.59,30201
6325,0.299164,0.59,30187
6326,0.300296,0.59,30187
6327,0.293917,0.59,30206
6328,0.298268,0.59,30207
6329,0.301523,0.59,30203
6330,0.304183,0.59,30204
6331,0.295897,0.59,30122
6332,0.281837,0.59,30206
6333,0.27722,0.59,30181
6334,0.275252,0.59,29985
6335,0.278588,0.59,30123
6336,0.27748,0.59,30167
6337,0.282593,0.59,30111
6338,0.289904,0.59,30141
6339,0.284033,0.59,30146
6340,0.287067,0.58,30159
6341,0.294997,0.58,30194
6342,0.294517,0.58,30121
6343,0.289436,0.58,29998
6344,0.283655,0.58,30143
6345,0.288135,0.58,30123
6346,0.288719,0.58,30148
6347,0.295259,0.58,30210
6348,0.291966,0.58,30203
6349,0.287767,0.58,30082
6350,0.283627,0.58,30183
6351,0.285956,0.58,30177
6352,0.287773,0.58,30148
6353,0.286353,0.58,27876
6354,0.273374,0.58,30154
6355,0.260942,0.58,30153
6356,0.258267,0.58,30154
6357,0.255368,0.58,30138
6358,0.253499,0.58,30082
6359,0.252308,0.58,30152
6360,0.258608,0.58,30138
6361,0.259719,0.58,30139
6362,0.255776,0.58,30169
6363,0.254573,0.58,30178
6364,0.2497,0.58,30152
6365,0.249258,0.58,30145
6366,0.245141,0.58,30152
6367,0.293839,0.58,30159
6368,0.28898,0.58,30074
6369,0.288346,0.58,30184
6370,0.282142,0.58,30064
6371,0.274762,0.58,30183
6372,0.271906,0.58,30042
6373,0.269116,0.58,30109
6374,0.264582,0.58,30083
6375,0.265265,0.58,30199
6376,0.263934,0.58,30207
6377,0.26883,0.58,28592
6378,0.269419,0.58,30034
6379,0.27146,0.58,30155
6380,0.267455,0.58,30159
6381,0.262725,0.58,30175
6382,0.263778,0.58,30165
6383,0.271298,0.58,30163
6384,0.271448,0.58,30188
6385,0.269377,0.58,30152
6386,0.263704,0.58,29516
6387,0.266097,0.58,30156
6388,0.265084,0.58,29713
6389,0.266957,0.58,30149
6390,0.26381,0.58,30195
6391,0.260386,0.58,28608
6392,0.26364,0.58,30063
6393,0.267187,0.58,30198
6394,0.26655,0.58,30203
6395,0.267261,0.58,30058
6396,0.272602,0.58,30134
6397,0.279387,0.58,30160
6398,0.281491,0.58,30145
6399,0.28004,0.58,28229
6400,0.281263,0.58,28590
6401,0.274785,0.58,30149
6402,0.277827,0.58,30184
6403,0.279665,0.58,30196
6404,0.276035,0.58,30191
6405,0.268867,0.58,30163
6406,0.262663,0.58,30169
6407,0.257869,0.58,30150
6408,0.260821,0.57,30131
6409,0.272417,0.57,30159
6410,0.279642,0.57,30149
6411,0.279125,0.57,30097
6412,0.278152,0.57,30153
6413,0.278435,0.57,30153
6414,0.269894,0.57,30158
6415,0.261335,0.57,30009
6416,0.262254,0.57,30139
6417,0.265185,0.57,30102
6418,0.268192,0.57,29997
6419,0.27167,0.57,29203
6420,0.275023,0.57,30144
6421,0.279754,0.57,30147
6422,0.275982,0.57,30145
6423,0.270402,0.57,30150
6424,0.268996,0.57,30152
6425,0.262054,0.57,30146
6426,0.26523,0.57,29604
6427,0.264576,0.57,30141
6428,0.265178,0.57,30156
6429,0.26931,0.57,30136
6430,0.272838,0.57,30140
6431,0.278,0.57,30148
6432,0.27968,0.57,30116
6433,0.278623,0.57,30170
6434,0.27528,0.57,30174
6435,0.272178,0.57,30154
6436,0.271708,0.57,30163
6437,0.269248,0.57,30147
6438,0.262221,0.57,30158
6439,0.256521,0.57,30180
6440,0.255418,0.57,30157
6441,0.252057,0.57,30149
6442,0.255254,0.57,30150
6443,0.259284,0.57,30147
6444,0.255593,0.57,30150
6445,0.257872,0.57,30065
6446,0.262804,0.57,28047
6447,0.262768,0.57,30140
6448,0.265445,0.57,30161
6449,0.265752,0.57,30168
6450,0.262062,0.57,30149
6451,0.259339,0.57,30149
6452,0.265268,0.57,30008
6453,0.260022,0.57,30008
6454,0.256705,0.57,30146
6455,0.255022,0.57,30142
6456,0.25409,0.57,30158
6457,0.255231,0.57,30151
6458,0.25999,0.57,30138
6459,0.260933,0.57,30053
6460,0.263465,0.57,30196
6461,0.259686,0.57,30185
6462,0.254258,0.57,29455
6463,0.244645,0.57,30194
6464,0.240207,0.57,30152
6465,0.236955,0.57,30159
6466,0.232688,0.57,28343
6467,0.233703,0.57,30188
6468,0.236615,0.57,30193
6469,0.232232,0.57,29895
6470,0.242559,0.57,30201
6471,0.242391,0.57,30030
6472,0.241842,0.57,30148
6473,0.247565,0.57,30124
6474,0.247747,0.57,30128
6475,0.253914,0.57,30200
6476,0.255129,0.57,30187
6477,0.260932,0.56,30146
6478,0.262506,0.56,30131
6479,0.261413,0.56,30146
6480,0.259351,0.56,30191
6481,0.257415,0.56,30190
6482,0.254167,0.56,30169
6483,0.252311,0.56,30102
6484,0.248655,0.56,29786
6485,0.250553,0.56,30132
6486,0.251174,0.56,30194
6487,0.252727,0.56,30160
6488,0.24708,0.56,30198
6489,0.24663,0.56,30050
6490,0.25263,0.56,30204
6491,0.259058,0.56,30050
6492,0.258893,0.56,27999
6493,0.25444,0.56,28211
6494,0.251045,0.56,29723
6495,0.252432,0.56,30156
6496,0.255925,0.56,30143
6497,0.256791,0.56,29947
6498,0.260151,0.56,30060
6499,0.263796,0.56,30151
6500,0.269599,0.56,30107
6501,0.271766,0.56,29614
6502,0.273804,0.56,30180
6503,0.264114,0.56,30169
6504,0.269225,0.56,30148
6505,0.275676,0.56,30191
6506,0.281271,0.56,30151
6507,0.289625,0.56,30150
6508,0.295133,0.56,30084
6509,0.299244,0.56,30096
6510,0.297529,0.56,30149
6511,0.296889,0.56,30147
6512,0.28993,0.56,30123
6513,0.289269,0.56,30141
6514,0.284895,0.56,30131
6515,0.286333,0.56,30156
6516,0.287781,0.56,29913
6517,0.287371,0.56,30134
6518,0.284594,0.56,30170
6519,0.285395,0.56,30009
6520,0.287797,0.56,30147
6521,0.289365,0.56,30136
6522,0.283411,0.56,30093
6523,0.278735,0.56,30164
6524,0.273409,0.56,30135
6525,0.269193,0.56,30184
6526,0.269622,0.56,30175
6527,0.263304,0.56,30154
6528,0.259968,0.56,30156
6529,0.257377,0.56,30142
6530,0.257393,0.56,30134
6531,0.265502,0.56,30140
6532,0.267503,0.56,30142
6533,0.267049,0.56,28280
6534,0.267845,0.56,30121
6535,0.266554,0.56,30123
6536,0.263581,0.56,30146
6537,0.260723,0.56,29472
6538,0.254347,0.56,28101
6539,0.251916,0.56,30133
6540,0.250459,0.56,30125
6541,0.24641,0.56,30135
6542,0.248402,0.56,30127
6543,0.254024,0.56,29849
6544,0.253349,0.56,30189
6545,0.254587,0.55,30104
6546,0.255368,0.55,29956
6547,0.250928,0.55,30103
6548,0.247069,0.55,30153
6549,0.252389,0.55,30185
6550,0.2557,0.55,30208
6551,0.259148,0.55,30206
6552,0.264095,0.55,30207
6553,0.259878,0.55,29249
6554,0.256232,0.55,30125
6555,0.253575,0.55,30156
6556,0.249209,0.55,28897
6557,0.255905,0.55,30181
6558,0.252315,0.55,30097
6559,0.252159,0.55,30151
6560,0.251549,0.55,30152
6561,0.251258,0.55,30150
6562,0.250233,0.55,30163
6563,0.242493,0.55,30136
6564,0.247622,0.55,30180
6565,0.247253,0.55,30164
6566,0.257477,0.55,30149
6567,0.259406,0.55,30148
6568,0.26417,0.55,30123
6569,0.26264,0.55,29740
6570,0.260503,0.55,30149
6571,0.256991,0.55,30015
6572,0.254054,0.55,30153
6573,0.25398,0.55,30152
6574,0.252254,0.55,30140
6575,0.250644,0.55,30101
6576,0.262981,0.55,30161
6577,0.263336,0.55,30064
6578,0.266239,0.55,30196
6579,0.265799,0.55,30109
6580,0.261358,0.55,29924
6581,0.261727,0.55,30151
6582,0.266962,0.55,29684
6583,0.270516,0.55,30123
6584,0.266537,0.55,30146
6585,0.271226,0.55,27447
6586,0.271867,0.55,28803
6587,0.272826,0.55,30087
6588,0.273428,0.55,30142
6589,0.267299,0.55,29867
6590,0.262267,0.55,30151
6591,0.256099,0.55,29432
6592,0.252406,0.55,30153
6593,0.250013,0.55,30007
6594,0.243587,0.55,30143
6595,0.241142,0.55,30151
6596,0.240106,0.55,29362
6597,0.245141,0.55,30098
6598,0.248122,0.55,30082
6599,0.246051,0.55,30157
6600,0.246547,0.55,30121
6601,0.242763,0.55,30153
6602,0.242826,0.55,30124
6603,0.243551,0.55,30145
6604,0.24218,0.55,30156
6605,0.243498,0.55,30149
6606,0.243572,0.55,30138
6607,0.242717,0.55,29314
6608,0.243165,0.55,30150
6609,0.23997,0.55,30203
6610,0.236871,0.55,30207
6611,0.231395,0.55,30210
6612,0.23732,0.55,30202
6613,0.240635,0.55,30204
6614,0.244696,0.54,30171
6615,0.251156,0.54,30177
6616,0.256041,0.54,30208
6617,0.25844,0.54,30205
6618,0.256231,0.54,29864
6619,0.258508,0.54,30191
6620,0.253942,0.54,30149
6621,0.246475,0.54,30155
6622,0.241249,0.54,30178
6623,0.246304,0.54,30154
6624,0.248885,0.54,30049
6625,0.253718,0.54,30159
6626,0.256529,0.54,30161
6627,0.250745,0.54,25447
6628,0.248238,0.54,30186
6629,0.247348,0.54,30070
6630,0.24898,0.54,30188
6631,0.250492,0.54,28084
6632,0.254952,0.54,30210
6633,0.249452,0.54,30137
6634,0.249621,0.54,30210
6635,0.24392,0.54,27023
6636,0.240748,0.54,30165
6637,0.237868,0.54,30170
6638,0.233556,0.54,30159
6639,0.234527,0.54,30190
6640,0.241454,0.54,30179
6641,0.245568,0.54,30153
6642,0.242211,0.54,30204
6643,0.239287,0.54,30200
6644,0.235506,0.54,30169
6645,0.231651,0.54,30134
6646,0.2323,0.54,30144
6647,0.331425,0.54,30174
6648,0.322999,0.54,30211
6649,0.317473,0.54,29438
6650,0.316225,0.54,30106
6651,0.314899,0.54,30207
6652,0.307225,0.54,30165
6653,0.300403,0.54,30160
6654,0.290805,0.54,30139
6655,0.283791,0.54,26009
6656,0.277001,0.54,30182
6657,0.275521,0.54,29694
6658,0.271776,0.54,30197
6659,0.270415,0.54,30165
6660,0.269013,0.54,30169
6661,0.265776,0.54,30160
6662,0.262338,0.54,30162
6663,0.261764,0.54,30118
6664,0.265683,0.54,30109
6665,0.265987,0.54,30173
6666,0.26372,0.54,30201
6667,0.262116,0.54,30170
6668,0.261428,0.54,30145
6669,0.260345,0.54,30163
6670,0.257913,0.54,30104
6671,0.256558,0.54,30108
6672,0.258213,0.54,30157
6673,0.256928,0.54,30196
6674,0.25647,0.54,30192
6675,0.255093,0.54,29952
6676,0.257461,0.54,30119
6677,0.255843,0.54,27859
6678,0.251653,0.54,30138
6679,0.252136,0.54,30145
6680,0.253129,0.54,30144
6681,0.253138,0.54,30177
6682,0.250264,0.53,30209
6683,0.248012,0.53,30210
6684,0.245593,0.53,27404
6685,0.241873,0.53,30150
6686,0.239547,0.53,29646
6687,0.236658,0.53,30155
6688,0.237777,0.53,30147
6689,0.235511,0.53,30157
6690,0.233345,0.53,25087
6691,0.231284,0.53,30155
6692,0.225962,0.53,30112
6693,0.221289,0.53,30151
6694,0.220524,0.53,30189
6695,0.221245,0.53,30152
6696,0.220383,0.53,30114
6697,0.216889,0.53,30146
6698,0.218139,0.53,30153
6699,0.214941,0.53,30115
6700,0.219625,0.53,30145
6701,0.223422,0.53,30166
6702,0.22482,0.53,30156
6703,0.230542,0.53,30148
6704,0.231355,0.53,30145
6705,0.229889,0.53,29998
6706,0.230309,0.53,30145
6707,0.225541,0.53,30138
6708,0.222369,0.53,30153
6709,0.224068,0.53,30150
6710,0.222945,0.53,30140
6711,0.218088,0.53,30167
6712,0.214412,0.53,30164
6713,0.217036,0.53,30161
6714,0.217773,0.53,30150
6715,0.22027,0.53,30155
6716,0.222699,0.53,29831
6717,0.222738,0.53,30169
6718,0.220955,0.53,29040
6719,0.217067,0.53,30142
6720,0.214165,0.53,29977
6721,0.216328,0.53,30155
6722,0.212813,0.53,28589
6723,0.215882,0.53,28137
6724,0.209464,0.53,29413
6725,0.216835,0.53,30155
6726,0.216431,0.53,30152
6727,0.212535,0.53,30164
6728,0.214759,0.53,30152
6729,0.212444,0.53,29742
6730,0.213503,0.53,30108
6731,0.214465,0.53,30083
6732,0.213808,0.53,30150
6733,0.210304,0.53,30150
6734,0.210682,0.53,30157
6735,0.20812,0.53,30146
6736,0.210172,0.53,30151
6737,0.217424,0.53,30004
6738,0.223305,0.53,30147
6739,0.227703,0.53,30153
6740,0.228452,0.53,30150
6741,0.228413,0.53,30155
6742,0.228505,0.53,30167
6743,0.233077,0.53,29731
6744,0.230907,0.53,30162
6745,0.232835,0.53,30162
6746,0.23168,0.53,30152
6747,0.227557,0.53,30160
6748,0.225832,0.53,29911
6749,0.222811,0.53,30086
6750,0.225949,0.53,30146
6751,0.221688,0.52,30149
6752,0.221441,0.52,30161
6753,0.221353,0.52,30160
6754,0.213482,0.52,30091
6755,0.210592,0.52,30153
6756,0.208728,0.52,29485
6757,0.205417,0.52,30119
6758,0.202552,0.52,25952
6759,0.202594,0.52,30015
6760,0.208952,0.52,30182
6761,0.211521,0.52,30175
6762,0.213904,0.52,29848
6763,0.212916,0.52,30189
6764,0.206481,0.52,30164
6765,0.208569,0.52,30182
6766,0.205838,0.52,29728
6767,0.201783,0.52,30143
6768,0.20028,0.52,30147
6769,0.203175,0.52,28259
6770,0.205456,0.52,30153
6771,0.205498,0.52,30157
6772,0.205111,0.52,29770
6773,0.207642,0.52,29994
6774,0.206261,0.52,30064
6775,0.209108,0.52,30141
6776,0.212635,0.52,30148
6777,0.211787,0.52,30146
6778,0.215803,0.52,30155
6779,0.218705,0.52,30062
6780,0.220666,0.52,30148
6781,0.220827,0.52,29862
6782,0.218937,0.52,30157
6783,0.214815,0.52,30149
6784,0.208013,0.52,30149
6785,0.207333,0.52,29960
6786,0.206909,0.52,30144
6787,0.211607,0.52,29673
6788,0.211225,0.52,30154
6789,0.210343,0.52,30157
6790,0.205161,0.52,29913
6791,0.202679,0.52,30143
6792,0.205718,0.52,30194
6793,0.20976,0.52,30143
6794,0.211517,0.52,30151
6795,0.21529,0.52,28599
6796,0.215207,0.52,30155
6797,0.214089,0.52,30156
6798,0.211899,0.52,30154
6799,0.209699,0.52,30146
6800,0.20565,0.52,30081
6801,0.206313,0.52,30153
6802,0.203101,0.52,30142
6803,0.200978,0.52,30160
6804,0.202911,0.52,30152
6805,0.201101,0.52,30148
6806,0.196906,0.52,30140
6807,0.19743,0.52,30156
6808,0.194786,0.52,30151
6809,0.195088,0.52,30145
6810,0.193962,0.52,29582
6811,0.194366,0.52,30152
6812,0.195147,0.52,30009
6813,0.197554,0.52,30158
6814,0.191866,0.52,30161
6815,0.192595,0.52,28164
6816,0.197409,0.52,29041
6817,0.196801,0.52,30157
6818,0.200491,0.52,30154
6819,0.203298,0.51,30153
6820,0.201512,0.51,30153
6821,0.202779,0.51,30152
6822,0.197232,0.51,30151
6823,0.194537,0.51,30154
6824,0.192514,0.51,30148
6825,0.192579,0.51,29996
6826,0.18928,0.51,30144
6827,0.190659,0.51,29864
6828,0.194559,0.51,30146
6829,0.198468,0.51,28367
6830,0.200067,0.51,30169
6831,0.199925,0.51,30143
6832,0.19662,0.51,30170
6833,0.19796,0.51,30199
6834,0.200682,0.51,30099
6835,0.210502,0.51,30213
6836,0.20315,0.51,30210
6837,0.200422,0.51,30212
6838,0.196236,0.51,30069
6839,0.193226,0.51,30052
6840,0.194005,0.51,30160
6841,0.193741,0.51,30140
6842,0.190401,0.51,29545
6843,0.187126,0.51,30151
6844,0.187948,0.51,27356
6845,0.186454,0.51,30125
6846,0.181928,0.51,29973
6847,0.17919,0.51,30128
6848,0.17835,0.51,30154
6849,0.182891,0.51,28158
6850,0.192042,0.51,30148
6851,0.19551,0.51,30157
6852,0.196439,0.51,30143
6853,0.195782,0.51,30147
6854,0.191248,0.51,30177
6855,0.192718,0.51,30164
6856,0.194038,0.51,30160
6857,0.201323,0.51,30139
6858,0.197237,0.51,30123
6859,0.195907,0.51,30193
6860,0.194067,0.51,28539
6861,0.190785,0.51,30187
6862,0.194093,0.51,30161
6863,0.18894,0.51,30154
6864,0.188008,0.51,30155
6865,0.202118,0.51,30168
6866,0.205261,0.51,30184
6867,0.208485,0.51,30149
6868,0.205833,0.51,30171
6869,0.204532,0.51,28618
6870,0.206761,0.51,30190
6871,0.207977,0.51,30182
6872,0.213695,0.51,30154
6873,0.210904,0.51,30193
6874,0.210713,0.51,30189
6875,0.206221,0.51,30187
6876,0.202603,0.51,30169
6877,0.201678,0.51,30209
6878,0.200609,0.51,30200
6879,0.204079,0.51,30185
6880,0.206332,0.51,30187
6881,0.210339,0.51,29677
6882,0.211428,0.51,30206
6883,0.210325,0.51,29436
6884,0.206631,0.51,30153
6885,0.208635,0.51,29857
6886,0.210956,0.51,30206
6887,0.210024,0.5,30171
6888,0.20291,0.5,30191
6889,0.200083,0.5,30154
6890,0.198507,0.5,30207
6891,0.195465,0.5,29960
6892,0.194144,0.5,30119
6893,0.194988,0.5,30192
6894,0.193668,0.5,30147
6895,0.192873,0.5,30150
6896,0.192063,0.5,30180
6897,0.189855,0.5,30183
6898,0.186756,0.5,30206
6899,0.183188,0.5,30188
6900,0.195535,0.5,30178
6901,0.197346,0.5,30202
6902,0.194761,0.5,30155
6903,0.197473,0.5,30173
6904,0.196849,0.5,30168
6905,0.198424,0.5,30013
6906,0.200527,0.5,30139
6907,0.198145,0.5,28072
6908,0.199367,0.5,30183
6909,0.19607,0.5,30120
6910,0.195448,0.5,30158
6911,0.192538,0.5,30207
6912,0.190032,0.5,30207
6913,0.185183,0.5,30150
6914,0.185458,0.5,30057
6915,0.18861,0.5,30177
6916,0.186719,0.5,30178
6917,0.191654,0.5,30132
6918,0.188178,0.5,30147
6919,0.187336,0.5,30154
6920,0.1908,0.5,30041
6921,0.193474,0.5,30124
6922,0.189502,0.5,30188
6923,0.188758,0.5,30196
6924,0.18663,0.5,30202
6925,0.189343,0.5,30196
6926,0.186499,0.5,30201
6927,0.186276,0.5,30207
6928,0.184757,0.5,30171
6929,0.1776,0.5,30198
6930,0.177379,0.5,28241
6931,0.178055,0.5,30203
6932,0.181928,0.5,30157
6933,0.186919,0.5,30181
6934,0.185105,0.5,30159
6935,0.185783,0.5,27096
6936,0.187455,0.5,30150
6937,0.180971,0.5,30158
6938,0.182232,0.5,30154
6939,0.180066,0.5,30156
6940,0.179287,0.5,30155
6941,0.182123,0.5,30100
6942,0.182717,0.5,29622
6943,0.182501,0.5,29778
6944,0.183817,0.5,30148
6945,0.183785,0.5,30158
6946,0.185359,0.5,30148
6947,0.18745,0.5,30159
6948,0.18495,0.5,30202
6949,0.186787,0.5,30188
6950,0.186753,0.5,30181
6951,0.186093,0.5,29467
6952,0.190863,0.5,30196
6953,0.192527,0.5,28759
6954,0.197754,0.5,30206
6955,0.203909,0.5,30168
6956,0.198161,0.49,30046
6957,0.19157,0.49,30186
6958,0.189852,0.49,30121
6959,0.189838,0.49,30195
6960,0.190172,0.49,30203
6961,0.188286,0.49,30201
6962,0.190811,0.49,30203
6963,0.191819,0.49,30188
6964,0.191129,0.49,30007
6965,0.188533,0.49,30200
6966,0.184946,0.49,30158
6967,0.181467,0.49,29677
6968,0.181634,0.49,30082
6969,0.185197,0.49,30183
6970,0.189159,0.49,30159
6971,0.18625,0.49,30180
6972,0.187306,0.49,30184
6973,0.186126,0.49,30142
6974,0.18852,0.49,30180
6975,0.187696,0.49,30107
6976,0.184655,0.49,30141
6977,0.187637,0.49,29731
6978,0.186312,0.49,30062
6979,0.183426,0.49,30143
6980,0.182492,0.49,30167
6981,0.18012,0.49,30153
6982,0.178468,0.49,30196
6983,0.174033,0.49,30199
6984,0.168298,0.49,30189
6985,0.166807,0.49,30046
6986,0.168912,0.49,30043
6987,0.167321,0.49,30180
6988,0.168049,0.49,30181
6989,0.166234,0.49,30172
6990,0.164632,0.49,30139
6991,0.161648,0.49,30127
6992,0.163654,0.49,30152
6993,0.168374,0.49,30151
6994,0.170532,0.49,30163
6995,0.171477,0.49,29989
6996,0.174404,0.49,30124
6997,0.176323,0.49,30136
6998,0.175897,0.49,30144
6999,0.174723,0.49,28278
7000,0.173531,0.49,30359
7001,0.173003,0.49,30039
7002,0.172208,0.49,30361
7003,0.17056,0.49,30320
7004,0.169288,0.49,29845
7005,0.169768,0.49,30316
7006,0.171128,0.49,30334
7007,0.171357,0.49,30338
7008,0.170614,0.49,30331
7009,0.166746,0.49,30323
7010,0.164887,0.49,30168
7011,0.163133,0.49,30285
7012,0.166559,0.49,30279
7013,0.166747,0.49,30121
7014,0.170638,0.49,30283
7015,0.172736,0.49,30281
7016,0.170747,0.49,30334
7017,0.170711,0.49,30331
7018,0.168132,0.49,30315
7019,0.165221,0.49,30228
7020,0.161494,0.49,30260
7021,0.157878,0.49,30289
7022,0.157928,0.49,30062
7023,0.157749,0.49,29770
7024,0.156621,0.48,30233
7025,0.155456,0.48,30255
7026,0.152121,0.48,30293
7027,0.148538,0.48,30179
7028,0.149233,0.48,30051
7029,0.149412,0.48,30282
7030,0.145678,0.48,30244
7031,0.145901,0.48,30267
7032,0.143467,0.48,30311
7033,0.142003,0.48,30282
7034,0.141839,0.48,30295
7035,0.142938,0.48,30303
7036,0.142403,0.48,30285
7037,0.141172,0.48,30288
7038,0.144522,0.48,30293
7039,0.153208,0.48,29432
7040,0.157906,0.48,30249
7041,0.159255,0.48,30252
7042,0.160972,0.48,30216
7043,0.161816,0.48,30071
7044,0.159173,0.48,30201
7045,0.156874,0.48,28182
7046,0.160806,0.48,30092
7047,0.159619,0.48,29772
7048,0.164688,0.48,30189
7049,0.165736,0.48,30195
7050,0.170576,0.48,30194
7051,0.171068,0.48,30141
7052,0.171156,0.48,29994
7053,0.16757,0.48,30184
7054,0.167983,0.48,30211
7055,0.168918,0.48,29724
7056,0.172454,0.48,30150
7057,0.170846,0.48,30158
7058,0.169808,0.48,30108
7059,0.16651,0.48,30148
7060,0.164076,0.48,30108
7061,0.166273,0.48,30201
7062,0.166938,0.48,29583
7063,0.168434,0.48,30154
7064,0.167413,0.48,30160
7065,0.170687,0.48,29945
7066,0.172231,0.48,30124
7067,0.173398,0.48,30192
7068,0.171337,0.48,30207
7069,0.166806,0.48,30196
7070,0.161968,0.48,30163
7071,0.163249,0.48,30182
7072,0.164863,0.48,30208
7073,0.166445,0.48,30193
7074,0.16796,0.48,30171
7075,0.168095,0.48,30204
7076,0.168369,0.48,30009
7077,0.16805,0.48,30144
7078,0.167479,0.48,30172
7079,0.169925,0.48,30165
7080,0.168927,0.48,30142
7081,0.16822,0.48,30169
7082,0.1638,0.48,30185
7083,0.16502,0.48,30160
7084,0.164365,0.48,30215
7085,0.162578,0.48,29491
7086,0.161304,0.48,30143
7087,0.158877,0.48,30191
7088,0.158897,0.48,30155
7089,0.155196,0.48,30132
7090,0.153998,0.48,30139
7091,0.152554,0.48,28542
7092,0.152347,0.48,30154
7093,0.151116,0.47,30142
7094,0.148464,0.47,30142
7095,0.151864,0.47,30139
7096,0.152368,0.47,29844
7097,0.151381,0.47,30158
7098,0.151299,0.47,30214
7099,0.150794,0.47,30089
7100,0.150804,0.47,29822
7101,0.151802,0.47,30105
7102,0.15327,0.47,30175
7103,0.156456,0.47,30188
7104,0.160529,0.47,30192
7105,0.161195,0.47,30145
7106,0.161759,0.47,30031
7107,0.159172,0.47,30156
7108,0.155599,0.47,30122
7109,0.150665,0.47,30158
7110,0.152649,0.47,30167
7111,0.151936,0.47,30198
7112,0.157097,0.47,30200
7113,0.159136,0.47,30197
7114,0.164829,0.47,30194
7115,0.165573,0.47,29636
7116,0.167754,0.47,30156
7117,0.165725,0.47,30167
7118,0.163383,0.47,30011
7119,0.160162,0.47,30138
7120,0.16226,0.47,30152
7121,0.162297,0.47,30132
7122,0.161394,0.47,30168
7123,0.158497,0.47,29970
7124,0.155488,0.47,30145
7125,0.151738,0.47,30196
7126,0.146397,0.47,29759
7127,0.144027,0.47,30202
7128,0.14423,0.47,30204
7129,0.146084,0.47,30201
7130,0.144917,0.47,30159
7131,0.145774,0.47,30118
7132,0.145027,0.47,29881
7133,0.144372,0.47,30202
7134,0.144811,0.47,30202
7135,0.147288,0.47,30068
7136,0.152745,0.47,28524
7137,0.153474,0.47,30168
7138,0.153992,0.47,28236
7139,0.156894,0.47,30088
7140,0.158014,0.47,30134
7141,0.158092,0.47,30193
7142,0.159227,0.47,30147
7143,0.156266,0.47,30173
7144,0.153355,0.47,30155
7145,0.15161,0.47,30175
7146,0.150696,0.47,30194
7147,0.154725,0.47,30174
7148,0.155592,0.47,30110
7149,0.156428,0.47,30137
7150,0.152045,0.47,29990
7151,0.154353,0.47,30081
7152,0.152797,0.47,30155
7153,0.153987,0.47,27372
7154,0.15673,0.47,30170
7155,0.157819,0.47,30135
7156,0.158001,0.47,30189
7157,0.157251,0.47,30159
7158,0.155871,0.47,30180
7159,0.157981,0.47,30190
7160,0.158644,0.47,30107
7161,0.154834,0.46,30190
7162,0.151644,0.46,30194
7163,0.148325,0.46,30177
7164,0.149448,0.46,30175
7165,0.150649,0.46,30160
7166,0.150188,0.46,30181
7167,0.149991,0.46,30195
7168,0.149434,0.46,30191
7169,0.149876,0.46,30074
7170,0.152608,0.46,30197
7171,0.154198,0.46,30185
7172,0.152224,0.46,30181
7173,0.151087,0.46,30205
7174,0.148772,0.46,30010
7175,0.149535,0.46,30186
7176,0.148535,0.46,30185
7177,0.147253,0.46,30165
7178,0.144335,0.46,30123
7179,0.144985,0.46,29513
7180,0.147738,0.46,30137
7181,0.149892,0.46,29854
7182,0.149959,0.46,30153
7183,0.152174,0.46,29823
7184,0.154411,0.46,27872
7185,0.155602,0.46,30004
7186,0.156275,0.46,30142
7187,0.156269,0.46,29875
7188,0.155543,0.46,30196
7189,0.15504,0.46,30196
7190,0.151509,0.46,29834
7191,0.149304,0.46,29735
7192,0.15048,0.46,30151
7193,0.152062,0.46,30144
7194,0.154658,0.46,30191
7195,0.156475,0.46,30202
7196,0.156083,0.46,30198
7197,0.157407,0.46,30190
7198,0.159328,0.46,30198
7199,0.156389,0.46,30193
7200,0.152589,0.46,30172
7201,0.153714,0.46,28465
7202,0.156226,0.46,29795
7203,0.153178,0.46,29659
7204,0.15569,0.46,30157
7205,0.160025,0.46,30174
7206,0.161401,0.46,30176
7207,0.16083,0.46,30197
7208,0.166436,0.46,30198
7209,0.169328,0.46,30126
7210,0.165904,0.46,30178
7211,0.164311,0.46,26613
7212,0.164351,0.46,30198
7213,0.163914,0.46,30169
7214,0.163097,0.46,30171
7215,0.163139,0.46,30195
7216,0.160857,0.46,30197
7217,0.159476,0.46,30194
7218,0.15986,0.46,30201
7219,0.156274,0.46,30198
7220,0.151268,0.46,29883
7221,0.152096,0.46,30171
7222,0.149716,0.46,30193
7223,0.14864,0.46,30202
7224,0.148127,0.46,29643
7225,0.145245,0.46,30185
7226,0.14309,0.46,30175
7227,0.146194,0.46,30191
7228,0.149548,0.46,30202
7229,0.150555,0.45,30200
7230,0.149052,0.45,28373
7231,0.151172,0.45,30192
7232,0.149708,0.45,30192
7233,0.148827,0.45,30196
7234,0.151448,0.45,30195
7235,0.152367,0.45,30172
7236,0.150786,0.45,30170
7237,0.151124,0.45,30191
7238,0.15275,0.45,30187
7239,0.152774,0.45,30119
7240,0.153916,0.45,30193
7241,0.153138,0.45,30178
7242,0.154009,0.45,30184
7243,0.153199,0.45,30143
7244,0.152759,0.45,30197
7245,0.154169,0.45,30196
7246,0.154667,0.45,30148
7247,0.154136,0.45,30158
7248,0.149696,0.45,30194
7249,0.150791,0.45,30204
7250,0.144174,0.45,29741
7251,0.142538,0.45,30195
7252,0.138836,0.45,30206
7253,0.142609,0.45,30176
7254,0.14196,0.45,30179
7255,0.145505,0.45,30198
7256,0.147996,0.45,30197
7257,0.14809,0.45,30211
7258,0.147931,0.45,29917
7259,0.14605,0.45,30187
7260,0.150392,0.45,30196
7261,0.147917,0.45,30198
7262,0.145791,0.45,29683
7263,0.142792,0.45,30199
7264,0.144403,0.45,30208
7265,0.14412,0.45,30199
7266,0.144142,0.45,30175
7267,0.143822,0.45,30193
7268,0.145361,0.45,30195
7269,0.147404,0.45,30189
7270,0.148554,0.45,30173
7271,0.149981,0.45,30194
7272,0.146038,0.45,30203
7273,0.146241,0.45,30088
7274,0.144595,0.45,30196
7275,0.140471,0.45,30053
7276,0.138048,0.45,30179
7277,0.134299,0.45,28425
7278,0.134596,0.45,30190
7279,0.137194,0.45,30196
7280,0.140035,0.45,29894
7281,0.143081,0.45,30177
7282,0.14631,0.45,30172
7283,0.146054,0.45,30185
7284,0.145128,0.45,29358
7285,0.139884,0.45,30187
7286,0.145986,0.45,30210
7287,0.148202,0.45,30200
7288,0.147969,0.45,30194
7289,0.148146,0.45,29773
7290,0.147393,0.45,30204
7291,0.146592,0.45,30201
7292,0.146595,0.45,30204
7293,0.145172,0.45,30183
7294,0.141983,0.45,29976
7295,0.146039,0.45,30180
7296,0.145171,0.45,30191
7297,0.145752,0.45,30145
7298,0.145707,0.44,30200
7299,0.146762,0.44,30201
7300,0.149765,0.44,30190
7301,0.145975,0.44,30204
7302,0.147326,0.44,30199
7303,0.145066,0.44,30181
7304,0.147837,0.44,30195
7305,0.147796,0.44,30207
7306,0.14648,0.44,30199
7307,0.145706,0.44,30087
7308,0.146326,0.44,30146
7309,0.144005,0.44,30157
7310,0.141602,0.44,30195
7311,0.143119,0.44,30197
7312,0.140696,0.44,30200
7313,0.141582,0.44,30193
7314,0.144748,0.44,30184
7315,0.14637,0.44,30202
7316,0.146692,0.44,30195
7317,0.147111,0.44,30201
7318,0.146563,0.44,30188
7319,0.141972,0.44,30180
7320,0.145571,0.44,30179
7321,0.144804,0.44,30179
7322,0.146686,0.44,30198
7323,0.145282,0.44,28333
7324,0.14497,0.44,30189
7325,0.143257,0.44,30194
7326,0.143827,0.44,30200
7327,0.142959,0.44,29894
7328,0.145029,0.44,30195
7329,0.142605,0.44,30156
7330,0.139126,0.44,30177
7331,0.136829,0.44,30197
7332,0.132346,0.44,30187
7333,0.13021,0.44,30156
7334,0.132735,0.44,30185
7335,0.13495,0.44,29655
7336,0.134868,0.44,30187
7337,0.136962,0.44,30166
7338,0.133164,0.44,25331
7339,0.133114,0.44,30116
7340,0.137818,0.44,30182
7341,0.137467,0.44,30169
7342,0.138212,0.44,30183
7343,0.137046,0.44,29658
7344,0.135958,0.44,29380
7345,0.139791,0.44,29409
7346,0.140303,0.44,30012
7347,0.136673,0.44,30203
7348,0.138272,0.44,30203
7349,0.142213,0.44,29913
7350,0.140618,0.44,29834
7351,0.138713,0.44,29657
7352,0.143359,0.44,30140
7353,0.144204,0.44,30191
7354,0.147314,0.44,30197
7355,0.1461,0.44,30193
7356,0.149065,0.44,30185
7357,0.148511,0.44,30201
7358,0.148183,0.44,30203
7359,0.147197,0.44,30193
7360,0.145966,0.44,30202
7361,0.145714,0.44,30162
7362,0.145015,0.44,30200
7363,0.143548,0.44,30205
7364,0.14533,0.44,30206
7365,0.146643,0.44,30203
7366,0.145713,0.43,30205
7367,0.14267,0.43,30200
7368,0.142411,0.43,30198
7369,0.140498,0.43,30204
7370,0.14043,0.43,27137
7371,0.139171,0.43,30185
7372,0.138419,0.43,30198
7373,0.137758,0.43,30192
7374,0.134814,0.43,30191
7375,0.132452,0.43,30163
7376,0.132891,0.43,30203
7377,0.132332,0.43,30198
7378,0.131501,0.43,30202
7379,0.131239,0.43,30188
7380,0.13326,0.43,30202
7381,0.13253,0.43,30123
7382,0.129821,0.43,30200
7383,0.12945,0.43,30128
7384,0.129011,0.43,30161
7385,0.130208,0.43,29955
7386,0.134191,0.43,30208
7387,0.136476,0.43,30202
7388,0.137488,0.43,30055
7389,0.138738,0.43,30178
7390,0.138337,0.43,30185
7391,0.139015,0.43,30200
7392,0.13816,0.43,29540
7393,0.136101,0.43,30208
7394,0.135307,0.43,29744
7395,0.134194,0.43,30180
7396,0.134664,0.43,30177
7397,0.134727,0.43,29450
7398,0.132901,0.43,30191
7399,0.13241,0.43,27516
7400,0.13031,0.43,30201
7401,0.128838,0.43,30143
7402,0.125949,0.43,29961
7403,0.128039,0.43,30186
7404,0.12759,0.43,30194
7405,0.132815,0.43,30071
7406,0.133366,0.43,30124
7407,0.129469,0.43,30167
7408,0.126793,0.43,30197
7409,0.126644,0.43,30189
7410,0.126615,0.43,30183
7411,0.126953,0.43,30201
7412,0.127541,0.43,30199
7413,0.133684,0.43,30120
7414,0.135426,0.43,30156
7415,0.131194,0.43,28294
7416,0.130997,0.43,30189
7417,0.132999,0.43,30182
7418,0.133516,0.43,30189
7419,0.135003,0.43,30209
7420,0.132743,0.43,30203
7421,0.133631,0.43,28919
7422,0.13324,0.43,30202
7423,0.130228,0.43,30199
7424,0.129174,0.43,30196
7425,0.129017,0.43,30203
7426,0.129654,0.43,30211
7427,0.129787,0.43,30206
7428,0.407649,0.43,30194
7429,0.382433,0.43,30143
7430,0.356827,0.43,30141
7431,0.339766,0.43,30203
7432,0.317356,0.43,30202
7433,0.29857,0.43,30165
7434,0.286316,0.43,30191
7435,0.26875,0.42,30199
7436,0.251731,0.42,30193
7437,0.240729,0.42,28346
7438,0.231172,0.42,30139
7439,0.220615,0.42,30156
7440,0.210441,0.42,30194
7441,0.205276,0.42,30198
7442,0.200194,0.42,30188
7443,0.192199,0.42,28414
7444,0.184909,0.42,30180
7445,0.176676,0.42,30171
7446,0.167424,0.42,30200
7447,0.163278,0.42,30195
7448,0.158464,0.42,30178
7449,0.154316,0.42,27406
7450,0.154203,0.42,30204
7451,0.153191,0.42,30050
7452,0.15052,0.42,30200
7453,0.148357,0.42,30178
7454,0.146006,0.42,30193
7455,0.144519,0.42,29984
7456,0.140746,0.42,30058
7457,0.138345,0.42,30204
7458,0.136596,0.42,30195
7459,0.136886,0.42,30144
7460,0.135861,0.42,30205
7461,0.137155,0.42,28614
7462,0.137563,0.42,30200
7463,0.135668,0.42,29468
7464,0.132753,0.42,30201
7465,0.133554,0.42,30199
7466,0.133779,0.42,30204
7467,0.129921,0.42,30209
7468,0.131637,0.42,30108
7469,0.130733,0.42,30200
7470,0.133353,0.42,30211
7471,0.133406,0.42,30203
7472,0.131031,0.42,30195
7473,0.130453,0.42,29862
7474,0.129788,0.42,30151
7475,0.129186,0.42,28670
7476,0.127588,0.42,30190
7477,0.128951,0.42,30185
7478,0.127876,0.42,30102
7479,0.130632,0.42,30072
7480,0.130717,0.42,29965
7481,0.130331,0.42,30198
7482,0.130129,0.42,30205
7483,0.130105,0.42,30202
7484,0.129175,0.42,28485
7485,0.127998,0.42,30206
7486,0.125245,0.42,30176
7487,0.125044,0.42,30192
7488,0.123549,0.42,30181
7489,0.124614,0.42,30183
7490,0.122572,0.42,30167
7491,0.120808,0.42,30133
7492,0.121459,0.42,30181
7493,0.119182,0.42,30152
7494,0.119014,0.42,30188
7495,0.117165,0.42,30129
7496,0.117919,0.42,30011
7497,0.11688,0.42,30198
7498,0.117056,0.42,30173
7499,0.115556,0.42,30157
7500,0.115405,0.42,30203
7501,0.114698,0.42,28164
7502,0.116164,0.42,30206
7503,0.113636,0.41,30166
7504,0.113981,0.41,30190
7505,0.113295,0.41,30147
7506,0.122264,0.41,29730
7507,0.122736,0.41,30191
7508,0.122197,0.41,28689
7509,0.121228,0.41,30186
7510,0.121886,0.41,30166
7511,0.121613,0.41,30092
7512,0.119511,0.41,30176
7513,0.120329,0.41,30198
7514,0.120435,0.41,29993
7515,0.119714,0.41,30207
7516,0.119289,0.41,30202
7517,0.122007,0.41,30196
7518,0.120085,0.41,30048
7519,0.116231,0.41,29449
7520,0.114615,0.41,30196
7521,0.111346,0.41,30187
7522,0.106947,0.41,30194
7523,0.110795,0.41,30013
7524,0.111623,0.41,30157
7525,0.112269,0.41,30176
7526,0.110384,0.41,30179
7527,0.109006,0.41,30183
7528,0.109396,0.41,30189
7529,0.110261,0.41,30201
7530,0.110048,0.41,30180
7531,0.11223,0.41,30079
7532,0.111903,0.41,30202
7533,0.11268,0.41,29628
7534,0.11149,0.41,30201
7535,0.111928,0.41,30176
7536,0.111422,0.41,30202
7537,0.111167,0.41,30201
7538,0.109464,0.41,30199
7539,0.109942,0.41,30200
7540,0.108645,0.41,30192
7541,0.107678,0.41,30093
7542,0.106432,0.41,30159
7543,0.106794,0.41,30189
7544,0.110109,0.41,30203
7545,0.107015,0.41,30196
7546,0.107846,0.41,30179
7547,0.10596,0.41,30206
7548,0.108679,0.41,30204
7549,0.109393,0.41,30208
7550,0.108178,0.41,30196
7551,0.107177,0.41,30144
7552,0.108984,0.41,30197
7553,0.10944,0.41,27693
7554,0.109103,0.41,30032
7555,0.107357,0.41,30190
7556,0.112546,0.41,30203
7557,0.111803,0.41,30200
7558,0.110717,0.41,29789
7559,0.113153,0.41,25384
7560,0.114777,0.41,30206
7561,0.111905,0.41,30199
7562,0.109969,0.41,30202
7563,0.108584,0.41,30203
7564,0.107695,0.41,30198
7565,0.109502,0.41,30200
7566,0.110767,0.41,30185
7567,0.110598,0.41,30199
7568,0.111025,0.41,30192
7569,0.110278,0.41,30196
7570,0.1085,0.41,30196
7571,0.111135,0.41,30197
7572,0.111389,0.4,30190
7573,0.108783,0.4,29407
7574,0.108477,0.4,30159
7575,0.108306,0.4,30118
7576,0.106515,0.4,30164
7577,0.104828,0.4,30189
7578,0.101843,0.4,30200
7579,0.100312,0.4,30194
7580,0.099584,0.4,30179
7581,0.098986,0.4,30201
7582,0.10187,0.4,29402
7583,0.102935,0.4,28926
7584,0.102313,0.4,30094
7585,0.102731,0.4,30091
7586,0.104185,0.4,30203
7587,0.105428,0.4,30117
7588,0.107724,0.4,29955
7589,0.106487,0.4,30203
7590,0.103772,0.4,30200
7591,0.102732,0.4,30185
7592,0.103468,0.4,27027
7593,0.103121,0.4,30170
7594,0.103536,0.4,30180
7595,0.101347,0.4,30202
7596,0.101699,0.4,30187
7597,0.102091,0.4,30192
7598,0.100735,0.4,30190
7599,0.100387,0.4,28577
7600,0.100507,0.4,28564
7601,0.100802,0.4,30170
7602,0.102125,0.4,25105
7603,0.100762,0.4,30186
7604,0.102483,0.4,30206
7605,0.101678,0.4,30179
7606,0.101759,0.4,30179
7607,0.103188,0.4,30134
7608,0.104363,0.4,30159
7609,0.103543,0.4,30190
7610,0.102989,0.4,29958
7611,0.102225,0.4,30180
7612,0.103228,0.4,30098
7613,0.102538,0.4,30188
7614,0.100701,0.4,30180
7615,0.099219,0.4,30194
7616,0.098288,0.4,28897
7617,0.102156,0.4,30205
7618,0.103487,0.4,30201
7619,0.105154,0.4,30202
7620,0.10596,0.4,29983
7621,0.105117,0.4,28504
7622,0.104378,0.4,30190
7623,0.107311,0.4,30193
7624,0.106835,0.4,30210
7625,0.106034,0.4,30202
7626,0.106395,0.4,30160
7627,0.105296,0.4,30171
7628,0.104896,0.4,30191
7629,0.103966,0.4,30192
7630,0.103697,0.4,30196
7631,0.101105,0.4,29689
7632,0.100798,0.4,30209
7633,0.099387,0.4,30202
7634,0.098958,0.4,29988
7635,0.098153,0.4,30148
7636,0.099335,0.4,30204
7637,0.101901,0.4,30060
7638,0.101113,0.4,30196
7639,0.101753,0.4,30197
7640,0.102341,0.39,30210
7641,0.102018,0.39,30013
7642,0.100963,0.39,30205
7643,0.102045,0.39,30158
7644,0.103708,0.39,30195
7645,0.109795,0.39,28278
7646,0.107279,0.39,30192
7647,0.106503,0.39,30152
7648,0.106318,0.39,30203
7649,0.103864,0.39,30204
7650,0.102193,0.39,30195
7651,0.105067,0.39,30154
7652,0.104626,0.39,30191
7653,0.103103,0.39,30187
7654,0.103533,0.39,29886
7655,0.103798,0.39,30162
7656,0.106971,0.39,30188
7657,0.10617,0.39,30211
7658,0.106938,0.39,30188
7659,0.10787,0.39,29612
7660,0.107208,0.39,30190
7661,0.106647,0.39,30205
7662,0.105938,0.39,30192
7663,0.104433,0.39,30138
7664,0.104179,0.39,30182
7665,0.104293,0.39,30200
7666,0.10516,0.39,30173
7667,0.101572,0.39,30202
7668,0.101427,0.39,30202
7669,0.099937,0.39,30201
7670,0.101438,0.39,29934
7671,0.106278,0.39,30206
7672,0.109517,0.39,30202
7673,0.106973,0.39,30203
7674,0.105135,0.39,30163
7675,0.106245,0.39,30192
7676,0.106815,0.39,30186
7677,0.102314,0.39,30193
7678,0.103322,0.39,30154
7679,0.108161,0.39,30149
7680,0.107637,0.39,30189
7681,0.105631,0.39,30145
7682,0.106754,0.39,30193
7683,0.104885,0.39,30197
7684,0.10663,0.39,29803
7685,0.106013,0.39,30155
7686,0.107016,0.39,30064
7687,0.105541,0.39,30127
7688,0.110144,0.39,30140
7689,0.110189,0.39,30152
7690,0.109495,0.39,30197
7691,0.112865,0.39,28413
7692,0.110101,0.39,30198
7693,0.112847,0.39,30158
7694,0.111806,0.39,30123
7695,0.11007,0.39,30191
7696,0.110252,0.39,28736
7697,0.108589,0.39,30197
7698,0.108972,0.39,30205
7699,0.108043,0.39,30206
7700,0.105563,0.39,30159
7701,0.10151,0.39,30180
7702,0.0996,0.39,30184
7703,0.098412,0.39,30163
7704,0.098191,0.39,30185
7705,0.098614,0.39,30185
7706,0.099384,0.39,30198
7707,0.098049,0.39,28695
7708,0.098403,0.38,30130
7709,0.099067,0.38,30188
7710,0.09993,0.38,28130
7711,0.097845,0.38,30186
7712,0.097418,0.38,30197
7713,0.095859,0.38,30091
7714,0.095753,0.38,30185
7715,0.09464,0.38,29747
7716,0.093735,0.38,29838
7717,0.092509,0.38,30194
7718,0.092382,0.38,30197
7719,0.092719,0.38,30196
7720,0.092468,0.38,30191
7721,0.093942,0.38,30183
7722,0.093262,0.38,30169
7723,0.093623,0.38,30203
7724,0.09231,0.38,30193
7725,0.090804,0.38,29731
7726,0.091076,0.38,30189
7727,0.090466,0.38,30180
7728,0.088683,0.38,30180
7729,0.087046,0.38,30190
7730,0.089192,0.38,30190
7731,0.089015,0.38,30190
7732,0.091693,0.38,30190
7733,0.091896,0.38,30155
7734,0.093845,0.38,30154
7735,0.095483,0.38,30183
7736,0.094562,0.38,28421
7737,0.094025,0.38,28438
7738,0.092162,0.38,30193
7739,0.093664,0.38,30201
7740,0.092949,0.38,30183
7741,0.093631,0.38,25383
7742,0.092417,0.38,30171
7743,0.094735,0.38,30197
7744,0.093447,0.38,30185
7745,0.093093,0.38,30185
7746,0.093179,0.38,30066
7747,0.092629,0.38,30180
7748,0.093035,0.38,30182
7749,0.091609,0.38,30163
7750,0.092019,0.38,30195
7751,0.093339,0.38,30167
7752,0.092525,0.38,30167
7753,0.092206,0.38,30192
7754,0.092462,0.38,28180
7755,0.093884,0.38,30202
7756,0.092032,0.38,30057
7757,0.090745,0.38,30174
7758,0.08987,0.38,30121
7759,0.090305,0.38,30192
7760,0.089107,0.38,30202
7761,0.107271,0.38,30202
7762,0.104434,0.38,30180
7763,0.105858,0.38,30196
7764,0.104446,0.38,30073
7765,0.100022,0.38,30194
7766,0.097881,0.38,30133
7767,0.096062,0.38,30193
7768,0.095251,0.38,30189
7769,0.093905,0.38,30190
7770,0.093088,0.38,30185
7771,0.090466,0.38,29593
7772,0.088248,0.38,30168
7773,0.087658,0.38,30066
7774,0.084839,0.38,30171
7775,0.084225,0.38,30199
7776,0.082064,0.38,30182
7777,0.083181,0.37,30179
7778,0.085842,0.37,30194
7779,0.086122,0.37,30194
7780,0.084608,0.37,29860
7781,0.082294,0.37,30185
7782,0.082674,0.37,30097
7783,0.084275,0.37,28217
7784,0.089929,0.37,30136
7785,0.089797,0.37,30021
7786,0.091976,0.37,30134
7787,0.092513,0.37,30111
7788,0.092607,0.37,29614
7789,0.092782,0.37,30054
7790,0.09195,0.37,29999
7791,0.09011,0.37,30129
7792,0.088971,0.37,30200
7793,0.089134,0.37,30151
7794,0.087405,0.37,30184
7795,0.086094,0.37,30198
7796,0.084825,0.37,30187
7797,0.085133,0.37,30170
7798,0.082817,0.37,29959
7799,0.08204,0.37,30178
7800,0.080918,0.37,30186
7801,0.081519,0.37,30183
7802,0.082846,0.37,30109
7803,0.083903,0.37,30189
7804,0.085243,0.37,29889
7805,0.085334,0.37,30201
7806,0.086359,0.37,30201
7807,0.08513,0.37,30178
7808,0.083938,0.37,30121
7809,0.084755,0.37,30201
7810,0.084927,0.37,30182
7811,0.085225,0.37,30139
7812,0.08678,0.37,30180
7813,0.086879,0.37,30109
7814,0.086076,0.37,30198
7815,0.086018,0.37,30155
7816,0.088213,0.37,30170
7817,0.088491,0.37,30183
7818,0.088212,0.37,29642
7819,0.088079,0.37,29921
7820,0.086412,0.37,30199
7821,0.085577,0.37,30110
7822,0.086102,0.37,30132
7823,0.087084,0.37,30159
7824,0.087354,0.37,29607
7825,0.086953,0.37,30194
7826,0.086151,0.37,30147
7827,0.084253,0.37,30193
7828,0.084537,0.37,30199
7829,0.084981,0.37,30185
7830,0.083159,0.37,28277
7831,0.081443,0.37,30157
7832,0.081457,0.37,30169
7833,0.081363,0.37,30193
7834,0.079956,0.37,30174
7835,0.081677,0.37,29693
7836,0.081683,0.37,30150
7837,0.079746,0.37,30200
7838,0.080706,0.37,30188
7839,0.080181,0.37,30145
7840,0.079241,0.37,29864
7841,0.080398,0.37,30147
7842,0.081092,0.37,30191
7843,0.081479,0.37,30198
7844,0.082663,0.37,30187
7845,0.082753,0.36,30193
7846,0.085568,0.36,30191
7847,0.084731,0.36,30190
7848,0.085006,0.36,30156
7849,0.084476,0.36,30189
7850,0.085586,0.36,30188
7851,0.084802,0.36,30186
7852,0.085856,0.36,30109
7853,0.087319,0.36,30113
7854,0.085958,0.36,30071
7855,0.085706,0.36,30181
7856,0.0866,0.36,30189
7857,0.08662,0.36,30176
7858,0.086642,0.36,30175
7859,0.089286,0.36,30189
7860,0.090511,0.36,29521
7861,0.088876,0.36,30116
7862,0.088264,0.36,30198
7863,0.085773,0.36,30166
7864,0.086364,0.36,30185
7865,0.086659,0.36,30142
7866,0.085617,0.36,30195
7867,0.125741,0.36,30198
7868,0.120992,0.36,30192
7869,0.116462,0.36,30204
7870,0.113619,0.36,29893
7871,0.110387,0.36,29280
7872,0.107527,0.36,30155
7873,0.103932,0.36,30181
7874,0.101319,0.36,30188
7875,0.101297,0.36,30191
7876,0.098634,0.36,28193
7877,0.096162,0.36,30126
7878,0.093969,0.36,30190
7879,0.093719,0.36,30197
7880,0.092359,0.36,30200
7881,0.090146,0.36,29588
7882,0.091489,0.36,30191
7883,0.092299,0.36,30184
7884,0.093884,0.36,30199
7885,0.091763,0.36,30199
7886,0.093745,0.36,30040
7887,0.091183,0.36,30119
7888,0.089374,0.36,28883
7889,0.087027,0.36,30192
7890,0.083401,0.36,29714
7891,0.083459,0.36,30164
7892,0.083537,0.36,28298
7893,0.083803,0.36,30137
7894,0.083959,0.36,29373
7895,0.08402,0.36,30200
7896,0.083765,0.36,30166
7897,0.084426,0.36,30201
7898,0.083786,0.36,30189
7899,0.081312,0.36,29867
7900,0.08098,0.36,30152
7901,0.082556,0.36,30157
7902,0.082189,0.36,30184
7903,0.079913,0.36,30185
7904,0.079971,0.36,29729
7905,0.083151,0.36,30184
7906,0.082865,0.36,30201
7907,0.084867,0.36,30126
7908,0.0847,0.36,30170
7909,0.084491,0.36,30183
7910,0.083598,0.36,30187
7911,0.081655,0.36,30156
7912,0.07982,0.36,30187
7913,0.078135,0.36,30147
7914,0.076515,0.35,30082
7915,0.075789,0.35,30179
7916,0.076723,0.35,30174
7917,0.075348,0.35,30200
7918,0.076077,0.35,30200
7919,0.077333,0.35,30195
7920,0.077382,0.35,30191
7921,0.07685,0.35,30187
7922,0.077129,0.35,30188
7923,0.077837,0.35,28486
7924,0.077878,0.35,30151
7925,0.07648,0.35,30196
7926,0.076698,0.35,30194
7927,0.076314,0.35,30156
7928,0.076715,0.35,30192
7929,0.075828,0.35,30206
7930,0.076658,0.35,30196
7931,0.076487,0.35,30194
7932,0.077021,0.35,30192
7933,0.078193,0.35,30169
7934,0.07857,0.35,30193
7935,0.077756,0.35,30150
7936,0.077037,0.35,30164
7937,0.076173,0.35,30190
7938,0.07503,0.35,30198
7939,0.076445,0.35,30173
7940,0.075541,0.35,29950
7941,0.074948,0.35,30194
7942,0.074513,0.35,30197
7943,0.076166,0.35,30195
7944,0.075369,0.35,30152
7945,0.076921,0.35,30187
7946,0.078068,0.35,30148
7947,0.07801,0.35,30151
7948,0.077626,0.35,30070
7949,0.079169,0.35,30178
7950,0.079241,0.35,30191
7951,0.081333,0.35,30194
7952,0.079855,0.35,30176
7953,0.080568,0.35,30186
7954,0.079233,0.35,30187
7955,0.078625,0.35,30183
7956,0.080589,0.35,29458
7957,0.077654,0.35,30198
7958,0.077346,0.35,30035
7959,0.075676,0.35,30053
7960,0.074657,0.35,30150
7961,0.07382,0.35,30162
7962,0.073798,0.35,30199
7963,0.074596,0.35,30171
7964,0.074104,0.35,30172
7965,0.07404,0.35,30188
7966,0.074214,0.35,30119
7967,0.075293,0.35,28241
7968,0.074775,0.35,30190
7969,0.075005,0.35,28506
7970,0.075047,0.35,30183
7971,0.076862,0.35,30177
7972,0.07729,0.35,29955
7973,0.077164,0.35,30200
7974,0.078212,0.35,30183
7975,0.078856,0.35,30142
7976,0.078352,0.35,30128
7977,0.078258,0.35,30106
7978,0.077347,0.35,30111
7979,0.076235,0.35,29379
7980,0.077719,0.35,30179
7981,0.078235,0.35,30064
7982,0.078871,0.34,30185
7983,0.077842,0.34,30195
7984,0.076743,0.34,30182
7985,0.075082,0.34,30190
7986,0.075194,0.34,29314
7987,0.075227,0.34,30195
7988,0.075282,0.34,30195
7989,0.076778,0.34,30192
7990,0.077355,0.34,30139
7991,0.079121,0.34,30193
7992,0.078975,0.34,30177
7993,0.078795,0.34,30167
7994,0.078535,0.34,30186
7995,0.077733,0.34,30191
7996,0.076986,0.34,30199
7997,0.076681,0.34,30157
7998,0.075865,0.34,30177
7999,0.074141,0.34,30191
8000,0.071392,0.34,30416
8001,0.072405,0.34,30414
8002,0.072964,0.34,30334
8003,0.075244,0.34,30316
8004,0.075137,0.34,29899
8005,0.073669,0.34,30323
8006,0.076241,0.34,30309
8007,0.075588,0.34,30338
8008,0.075258,0.34,30329
8009,0.074021,0.34,30330
8010,0.073493,0.34,30326
8011,0.073564,0.34,30328
8012,0.071643,0.34,30258
8013,0.072063,0.34,30330
8014,0.071095,0.34,30323
8015,0.071533,0.34,28553
8016,0.071303,0.34,30286
8017,0.071527,0.34,30320
8018,0.071613,0.34,30239
8019,0.071953,0.34,30209
8020,0.071158,0.34,26396
8021,0.071362,0.34,30312
8022,0.073727,0.34,30277
8023,0.07094,0.34,30304
8024,0.071692,0.34,30236
8025,0.071892,0.34,30088
8026,0.072734,0.34,29675
8027,0.072734,0.34,30223
8028,0.073884,0.34,30231
8029,0.074872,0.34,30228
8030,0.074554,0.34,30260
8031,0.073845,0.34,30138
8032,0.072198,0.34,30239
8033,0.072402,0.34,28880
8034,0.072528,0.34,30313
8035,0.073427,0.34,30217
8036,0.073611,0.34,30242
8037,0.071974,0.34,29647
8038,0.072957,0.34,30203
8039,0.072913,0.34,29373
8040,0.073538,0.34,28675
8041,0.073377,0.34,30101
8042,0.072737,0.34,30146
8043,0.073382,0.34,30173
8044,0.071622,0.34,30183
8045,0.072289,0.34,30198
8046,0.070288,0.34,30202
8047,0.068392,0.34,30213
8048,0.06688,0.34,30211
8049,0.067243,0.34,29779
8050,0.069656,0.33,30110
8051,0.070271,0.33,30167
8052,0.07109,0.33,30173
8053,0.070977,0.33,30187
8054,0.0726,0.33,30165
8055,0.071393,0.33,30198
8056,0.071819,0.33,30204
8057,0.070778,0.33,30190
8058,0.070199,0.33,30199
8059,0.069421,0.33,30196
8060,0.069047,0.33,30201
8061,0.068648,0.33,30207
8062,0.069075,0.33,28617
8063,0.069134,0.33,30171
8064,0.069382,0.33,30186
8065,0.069867,0.33,29738
8066,0.070376,0.33,30174
8067,0.070925,0.33,30195
8068,0.074431,0.33,30164
8069,0.074746,0.33,30200
8070,0.07452,0.33,30194
8071,0.079136,0.33,30192
8072,0.079138,0.33,30183
8073,0.078904,0.33,30193
8074,0.079011,0.33,30196
8075,0.077392,0.33,30051
8076,0.074915,0.33,30203
8077,0.074425,0.33,30190
8078,0.073046,0.33,30198
8079,0.0724,0.33,30188
8080,0.071924,0.33,30185
8081,0.071939,0.33,30182
8082,0.070024,0.33,30184
8083,0.070763,0.33,30195
8084,0.071892,0.33,30153
8085,0.073548,0.33,30092
8086,0.071827,0.33,30137
8087,0.070811,0.33,30151
8088,0.070327,0.33,30134
8089,0.071002,0.33,30165
8090,0.069452,0.33,30034
8091,0.070154,0.33,30109
8092,0.071732,0.33,30112
8093,0.071833,0.33,30193
8094,0.070467,0.33,30196
8095,0.070582,0.33,30190
8096,0.071139,0.33,30173
8097,0.070615,0.33,30195
8098,0.068492,0.33,30198
8099,0.067979,0.33,29977
8100,0.069658,0.33,30190
8101,0.070394,0.33,30198
8102,0.067961,0.33,30191
8103,0.067482,0.33,30094
8104,0.068469,0.33,30197
8105,0.067908,0.33,30097
8106,0.068559,0.33,30187
8107,0.067592,0.33,30188
8108,0.067881,0.33,30093
8109,0.067586,0.33,28470
8110,0.068679,0.33,28179
8111,0.068307,0.33,30160
8112,0.068954,0.33,30196
8113,0.067549,0.33,30191
8114,0.066786,0.33,30196
8115,0.066901,0.33,30188
8116,0.066675,0.33,30180
8117,0.065799,0.33,30154
8118,0.066013,0.33,30018
8119,0.065323,0.32,30166
8120,0.065913,0.32,30162
8121,0.064701,0.32,30189
8122,0.063226,0.32,30187
8123,0.064667,0.32,30147
8124,0.064631,0.32,30193
8125,0.063881,0.32,30186
8126,0.065052,0.32,30066
8127,0.067598,0.32,30167
8128,0.066958,0.32,30166
8129,0.068397,0.32,30180
8130,0.069286,0.32,30195
8131,0.069791,0.32,28342
8132,0.069271,0.32,30203
8133,0.067972,0.32,29390
8134,0.067995,0.32,30194
8135,0.066996,0.32,30184
8136,0.06813,0.32,30190
8137,0.066259,0.32,30153
8138,0.065954,0.32,30194
8139,0.065263,0.32,27275
8140,0.063584,0.32,30203
8141,0.063565,0.32,29810
8142,0.064322,0.32,30204
8143,0.064712,0.32,30208
8144,0.064552,0.32,30208
8145,0.06616,0.32,30202
8146,0.066718,0.32,30200
8147,0.06709,0.32,29713
8148,0.067308,0.32,30196
8149,0.067141,0.32,30201
8150,0.066788,0.32,30203
8151,0.065345,0.32,30191
8152,0.063955,0.32,30195
8153,0.063279,0.32,30127
8154,0.064303,0.32,28736
8155,0.063521,0.32,29884
8156,0.064084,0.32,30182
8157,0.064303,0.32,30186
8158,0.065001,0.32,30061
8159,0.06687,0.32,30200
8160,0.066979,0.32,30182
8161,0.067642,0.32,30155
8162,0.067066,0.32,30208
8163,0.066536,0.32,29358
8164,0.066487,0.32,30182
8165,0.06629,0.32,30132
8166,0.066093,0.32,29931
8167,0.065942,0.32,30173
8168,0.065045,0.32,30197
8169,0.063013,0.32,30164
8170,0.063478,0.32,30193
8171,0.064203,0.32,30203
8172,0.065212,0.32,30191
8173,0.067486,0.32,30206
8174,0.067984,0.32,30207
8175,0.068235,0.32,30205
8176,0.067576,0.32,29868
8177,0.066504,0.32,30204
8178,0.066538,0.32,30167
8179,0.066448,0.32,30205
8180,0.068791,0.32,30212
8181,0.069004,0.32,30206
8182,0.067793,0.32,30174
8183,0.066604,0.32,30149
8184,0.067038,0.32,30214
8185,0.070858,0.32,30200
8186,0.067929,0.32,30144
8187,0.066531,0.31,30195
8188,0.064982,0.31,30201
8189,0.065553,0.31,30209
8190,0.064528,0.31,30182
8191,0.06381,0.31,30165
8192,0.063624,0.31,30196
8193,0.06401,0.31,29957
8194,0.063762,0.31,30172
8195,0.063516,0.31,30185
8196,0.062113,0.31,30198
8197,0.061737,0.31,30173
8198,0.061771,0.31,30198
8199,0.061952,0.31,30142
8200,0.064223,0.31,28681
8201,0.064607,0.31,30196
8202,0.06525,0.31,30206
8203,0.066497,0.31,30202
8204,0.06605,0.31,30192
8205,0.063367,0.31,30198
8206,0.065203,0.31,30210
8207,0.064698,0.31,30177
8208,0.066223,0.31,29655
8209,0.065993,0.31,30105
8210,0.065832,0.31,30192
8211,0.063882,0.31,30202
8212,0.062463,0.31,30204
8213,0.062153,0.31,30204
8214,0.061246,0.31,30218
8215,0.06014,0.31,30198
8216,0.061289,0.31,30065
8217,0.061559,0.31,30211
8218,0.061165,0.31,30202
8219,0.060726,0.31,30207
8220,0.062074,0.31,30203
8221,0.062051,0.31,30196
8222,0.06126,0.31,30193
8223,0.061266,0.31,30184
8224,0.062861,0.31,29847
8225,0.063344,0.31,30124
8226,0.062797,0.31,30207
8227,0.062681,0.31,29485
8228,0.062527,0.31,30188
8229,0.061251,0.31,29565
8230,0.062081,0.31,29786
8231,0.06256,0.31,30104
8232,0.061995,0.31,30128
8233,0.059993,0.31,30161
8234,0.059671,0.31,30199
8235,0.059029,0.31,30045
8236,0.058944,0.31,30195
8237,0.058506,0.31,30199
8238,0.058438,0.31,30200
8239,0.05761,0.31,30195
8240,0.057274,0.31,30204
8241,0.056617,0.31,30197
8242,0.057543,0.31,30125
8243,0.056455,0.31,30181
8244,0.05644,0.31,30192
8245,0.056749,0.31,30202
8246,0.057715,0.31,28711
8247,0.057969,0.31,30190
8248,0.058115,0.31,30209
8249,0.06162,0.31,30158
8250,0.062196,0.31,30205
8251,0.060975,0.31,30215
8252,0.060553,0.31,30211
8253,0.063258,0.31,29886
8254,0.062484,0.31,30167
8255,0.061167,0.31,30203
8256,0.060279,0.3,30201
8257,0.057806,0.3,29463
8258,0.058096,0.3,30195
8259,0.056462,0.3,30032
8260,0.056357,0.3,30202
8261,0.056397,0.3,30205
8262,0.058142,0.3,30206
8263,0.057077,0.3,30171
8264,0.057468,0.3,30200
8265,0.057439,0.3,29753
8266,0.056947,0.3,30205
8267,0.056963,0.3,30213
8268,0.056486,0.3,30196
8269,0.056565,0.3,30200
8270,0.056334,0.3,30106
8271,0.059505,0.3,30090
8272,0.059472,0.3,29756
8273,0.059098,0.3,30181
8274,0.058435,0.3,30143
8275,0.058829,0.3,30204
8276,0.05799,0.3,30175
8277,0.057815,0.3,30214
8278,0.057988,0.3,30194
8279,0.05749,0.3,30177
8280,0.057373,0.3,30204
8281,0.056177,0.3,30202
8282,0.057039,0.3,30176
8283,0.057844,0.3,30202
8284,0.057032,0.3,30188
8285,0.056449,0.3,30196
8286,0.055937,0.3,30153
8287,0.055331,0.3,30191
8288,0.055216,0.3,30170
8289,0.054653,0.3,29744
8290,0.054199,0.3,30196
8291,0.054465,0.3,30194
8292,0.055158,0.3,28208
8293,0.054611,0.3,29004
8294,0.054587,0.3,30209
8295,0.05618,0.3,30133
8296,0.056061,0.3,30179
8297,0.055298,0.3,30145
8298,0.054838,0.3,30197
8299,0.054315,0.3,29812
8300,0.054126,0.3,30196
8301,0.056288,0.3,30203
8302,0.056607,0.3,30176
8303,0.062756,0.3,29507
8304,0.061325,0.3,30208
8305,0.061881,0.3,30213
8306,0.06349,0.3,30015
8307,0.063633,0.3,30202
8308,0.062358,0.3,30211
8309,0.061853,0.3,30047
8310,0.061112,0.3,27615
8311,0.0605,0.3,30209
8312,0.059543,0.3,30189
8313,0.059635,0.3,30192
8314,0.058571,0.3,30204
8315,0.057468,0.3,30186
8316,0.058115,0.3,30205
8317,0.057069,0.3,30146
8318,0.056395,0.3,30160
8319,0.055684,0.3,30166
8320,0.054872,0.3,30113
8321,0.054556,0.3,30202
8322,0.055074,0.3,30207
8323,0.05603,0.3,30203
8324,0.05535,0.29,30200
8325,0.055044,0.29,30196
8326,0.055004,0.29,30192
8327,0.054452,0.29,30103
8328,0.053735,0.29,30190
8329,0.053309,0.29,30178
8330,0.052693,0.29,30205
8331,0.053354,0.29,30127
8332,0.052289,0.29,30146
8333,0.051869,0.29,30153
8334,0.052784,0.29,30172
8335,0.052158,0.29,30176
8336,0.050987,0.29,30113
8337,0.051459,0.29,28542
8338,0.050468,0.29,30146
8339,0.050287,0.29,30171
8340,0.050835,0.29,30162
8341,0.051094,0.29,30155
8342,0.05074,0.29,30172
8343,0.050606,0.29,30196
8344,0.052988,0.29,30207
8345,0.052562,0.29,30172
8346,0.053731,0.29,30148
8347,0.054412,0.29,30191
8348,0.054295,0.29,30201
8349,0.055224,0.29,30187
8350,0.057281,0.29,30193
8351,0.056243,0.29,30199
8352,0.056322,0.29,30135
8353,0.054486,0.29,30187
8354,0.056358,0.29,30080
8355,0.054857,0.29,29985
8356,0.053966,0.29,30211
8357,0.053763,0.29,30116
8358,0.053259,0.29,30197
8359,0.05269,0.29,30207
8360,0.051159,0.29,30189
8361,0.050949,0.29,30177
8362,0.051279,0.29,30177
8363,0.051621,0.29,30177
8364,0.051279,0.29,30102
8365,0.054541,0.29,30208
8366,0.053565,0.29,30213
8367,0.05421,0.29,30178
8368,0.053945,0.29,30048
8369,0.053149,0.29,30197
8370,0.051947,0.29,30202
8371,0.051219,0.29,30195
8372,0.050118,0.29,29880
8373,0.049673,0.29,30195
8374,0.051376,0.29,30189
8375,0.052372,0.29,30075
8376,0.052522,0.29,30200
8377,0.05232,0.29,30022
8378,0.051432,0.29,30187
8379,0.051265,0.29,30208
8380,0.051118,0.29,30200
8381,0.050835,0.29,30211
8382,0.050916,0.29,29104
8383,0.050377,0.29,30207
8384,0.050179,0.29,28597
8385,0.049781,0.29,30181
8386,0.049289,0.29,29894
8387,0.048427,0.29,30204
8388,0.048731,0.29,30152
8389,0.048561,0.29,30144
8390,0.048773,0.29,30193
8391,0.048091,0.29,30151
8392,0.048858,0.29,30201
8393,0.049154,0.28,30177
8394,0.049674,0.28,30199
8395,0.049889,0.28,30198
8396,0.049923,0.28,29502
8397,0.049762,0.28,30058
8398,0.049382,0.28,30186
8399,0.049245,0.28,30170
8400,0.048416,0.28,30171
8401,0.048006,0.28,30182
8402,0.048458,0.28,29296
8403,0.048034,0.28,29846
8404,0.048857,0.28,30189
8405,0.048475,0.28,30179
8406,0.04919,0.28,30188
8407,0.049444,0.28,30191
8408,0.049629,0.28,30199
8409,0.048937,0.28,30182
8410,0.04925,0.28,30177
8411,0.048782,0.28,30196
8412,0.049083,0.28,30182
8413,0.048529,0.28,30191
8414,0.051311,0.28,30177
8415,0.052505,0.28,30188
8416,0.051733,0.28,30140
8417,0.051894,0.28,30179
8418,0.051985,0.28,29873
8419,0.051381,0.28,30190
8420,0.050655,0.28,30201
8421,0.050679,0.28,30151
8422,0.050573,0.28,30200
8423,0.050149,0.28,30167
8424,0.049818,0.28,30170
8425,0.049265,0.28,30205
8426,0.048845,0.28,30133
8427,0.048904,0.28,30198
8428,0.049411,0.28,30193
8429,0.049524,0.28,30210
8430,0.049073,0.28,28771
8431,0.047942,0.28,30207
8432,0.0473,0.28,30188
8433,0.046774,0.28,30175
8434,0.046778,0.28,30180
8435,0.046639,0.28,30183
8436,0.046471,0.28,30197
8437,0.045856,0.28,30033
8438,0.045962,0.28,30200
8439,0.04687,0.28,29994
8440,0.047948,0.28,30197
8441,0.048886,0.28,30202
8442,0.047934,0.28,30197
8443,0.04798,0.28,30208
8444,0.047833,0.28,30190
8445,0.047731,0.28,30204
8446,0.047253,0.28,30202
8447,0.046434,0.28,30126
8448,0.046965,0.28,30205
8449,0.04659,0.28,30189
8450,0.047404,0.28,30204
8451,0.047907,0.28,30202
8452,0.047265,0.28,30191
8453,0.04611,0.28,30198
8454,0.045717,0.28,30164
8455,0.045514,0.28,29865
8456,0.04547,0.28,30014
8457,0.045973,0.28,30133
8458,0.045674,0.28,30173
8459,0.045796,0.28,30203
8460,0.044694,0.28,30198
8461,0.044466,0.27,30204
8462,0.044204,0.27,30207
8463,0.043292,0.27,30206
8464,0.044875,0.27,30191
8465,0.044846,0.27,30189
8466,0.04512,0.27,30201
8467,0.044625,0.27,30178
8468,0.046178,0.27,30167
8469,0.045568,0.27,30157
8470,0.045307,0.27,30204
8471,0.045645,0.27,30202
8472,0.04558,0.27,30189
8473,0.045039,0.27,30202
8474,0.044944,0.27,30206
8475,0.045439,0.27,30204
8476,0.045206,0.27,28352
8477,0.044269,0.27,29912
8478,0.043405,0.27,30199
8479,0.043088,0.27,29788
8480,0.043715,0.27,30191
8481,0.043864,0.27,30174
8482,0.043603,0.27,30115
8483,0.043658,0.27,30200
8484,0.043648,0.27,30192
8485,0.043713,0.27,30193
8486,0.043377,0.27,30166
8487,0.07557,0.27,30199
8488,0.072936,0.27,30201
8489,0.069433,0.27,30210
8490,0.067503,0.27,30206
8491,0.064819,0.27,29672
8492,0.062718,0.27,30208
8493,0.060235,0.27,30211
8494,0.057985,0.27,30206
8495,0.055531,0.27,30161
8496,0.05416,0.27,30200
8497,0.05299,0.27,30206
8498,0.052783,0.27,30202
8499,0.05161,0.27,30155
8500,0.051845,0.27,30195
8501,0.049755,0.27,30200
8502,0.048774,0.27,30159
8503,0.049086,0.27,30204
8504,0.050642,0.27,30018
8505,0.049633,0.27,30189
8506,0.049062,0.27,30195
8507,0.048218,0.27,30151
8508,0.046185,0.27,30198
8509,0.045027,0.27,30140
8510,0.044979,0.27,30192
8511,0.044605,0.27,30192
8512,0.045126,0.27,30137
8513,0.046275,0.27,30193
8514,0.046069,0.27,30198
8515,0.045527,0.27,30191
8516,0.047271,0.27,30062
8517,0.047343,0.27,30123
8518,0.048151,0.27,30183
8519,0.047433,0.27,30200
8520,0.048186,0.27,30198
8521,0.047462,0.27,30203
8522,0.047314,0.27,28613
8523,0.046805,0.27,30199
8524,0.045678,0.27,30194
8525,0.045099,0.27,30133
8526,0.044899,0.27,30203
8527,0.043629,0.27,30207
8528,0.04303,0.27,30207
8529,0.042962,0.26,30205
8530,0.042525,0.26,30133
8531,0.042252,0.26,30161
8532,0.042277,0.26,30203
8533,0.042378,0.26,30199
8534,0.042121,0.26,30144
8535,0.041089,0.26,30164
8536,0.040441,0.26,28433
8537,0.039532,0.26,30165
8538,0.039307,0.26,30205
8539,0.039579,0.26,30186
8540,0.04098,0.26,30007
8541,0.041142,0.26,30203
8542,0.041072,0.26,30200
8543,0.042473,0.26,30190
8544,0.042844,0.26,30202
8545,0.042317,0.26,30180
8546,0.041966,0.26,30202
8547,0.042318,0.26,30195
8548,0.041944,0.26,29960
8549,0.042032,0.26,30196
8550,0.042521,0.26,30188
8551,0.042773,0.26,30191
8552,0.043159,0.26,30197
8553,0.042964,0.26,30189
8554,0.043289,0.26,30157
8555,0.045168,0.26,30202
8556,0.044484,0.26,30200
8557,0.042905,0.26,30203
8558,0.042659,0.26,30197
8559,0.042376,0.26,30195
8560,0.042387,0.26,30193
8561,0.042001,0.26,30181
8562,0.042341,0.26,30197
8563,0.041723,0.26,30182
8564,0.04145,0.26,30098
8565,0.040866,0.26,29428
8566,0.041283,0.26,30171
8567,0.040405,0.26,30181
8568,0.04012,0.26,28627
8569,0.041426,0.26,30145
8570,0.041953,0.26,30167
8571,0.041719,0.26,30182
8572,0.043435,0.26,30062
8573,0.043416,0.26,29859
8574,0.043476,0.26,30197
8575,0.042493,0.26,30206
8576,0.042854,0.26,30160
8577,0.043268,0.26,30199
8578,0.043015,0.26,30198
8579,0.042679,0.26,30199
8580,0.042085,0.26,30178
8581,0.041664,0.26,30198
8582,0.041527,0.26,30012
8583,0.041529,0.26,30170
8584,0.041204,0.26,30191
8585,0.041601,0.26,30168
8586,0.041553,0.26,29987
8587,0.041343,0.26,30194
8588,0.041686,0.26,30180
8589,0.041024,0.26,30177
8590,0.040465,0.26,30138
8591,0.041341,0.26,30153
8592,0.040999,0.26,30109
8593,0.044168,0.26,30105
8594,0.043026,0.26,30063
8595,0.042557,0.26,30199
8596,0.043021,0.26,30194
8597,0.043971,0.26,30198
8598,0.04303,0.25,30198
8599,0.042938,0.25,30067
8600,0.0426,0.25,29968
8601,0.041817,0.25,30138
8602,0.040874,0.25,30135
8603,0.040104,0.25,30183
8604,0.039764,0.25,30175
8605,0.039439,0.25,30175
8606,0.040387,0.25,30179
8607,0.040145,0.25,30197
8608,0.039737,0.25,30201
8609,0.039172,0.25,30145
8610,0.040209,0.25,30164
8611,0.040003,0.25,30177
8612,0.039333,0.25,30198
8613,0.039301,0.25,30170
8614,0.039651,0.25,30138
8615,0.038798,0.25,28724
8616,0.03825,0.25,30170
8617,0.038,0.25,30126
8618,0.039048,0.25,30130
8619,0.039525,0.25,29941
8620,0.038948,0.25,30197
8621,0.039386,0.25,30188
8622,0.038758,0.25,30198
8623,0.0378,0.25,30111
8624,0.037361,0.25,30103
8625,0.037505,0.25,29528
8626,0.037905,0.25,30103
8627,0.039221,0.25,30182
8628,0.038895,0.25,30198
8629,0.039325,0.25,30154
8630,0.039575,0.25,30143
8631,0.039002,0.25,30198
8632,0.038836,0.25,30163
8633,0.038053,0.25,30193
8634,0.038354,0.25,30199
8635,0.038323,0.25,30198
8636,0.038297,0.25,30199
8637,0.037481,0.25,30182
8638,0.038368,0.25,30192
8639,0.038764,0.25,30190
8640,0.038351,0.25,30176
8641,0.038353,0.25,30191
8642,0.038218,0.25,30197
8643,0.038537,0.25,29868
8644,0.039022,0.25,30177
8645,0.038667,0.25,30155
8646,0.040535,0.25,30161
8647,0.040645,0.25,30189
8648,0.041806,0.25,30162
8649,0.041967,0.25,30198
8650,0.041754,0.25,30181
8651,0.041326,0.25,30180
8652,0.040948,0.25,30184
8653,0.040676,0.25,30184
8654,0.041082,0.25,30039
8655,0.041687,0.25,30186
8656,0.041619,0.25,30193
8657,0.0413,0.25,30190
8658,0.042192,0.25,30185
8659,0.041533,0.25,25999
8660,0.041271,0.25,30192
8661,0.041459,0.25,28605
8662,0.041249,0.25,30140
8663,0.042843,0.25,30203
8664,0.042536,0.25,30198
8665,0.041409,0.25,30170
8666,0.040995,0.24,30204
8667,0.040516,0.24,30202
8668,0.039445,0.24,30198
8669,0.039116,0.24,30192
8670,0.038483,0.24,30126
8671,0.037851,0.24,30188
8672,0.037815,0.24,30202
8673,0.037553,0.24,28464
8674,0.037589,0.24,30191
8675,0.037055,0.24,30190
8676,0.036503,0.24,29970
8677,0.037721,0.24,30187
8678,0.037347,0.24,30187
8679,0.036848,0.24,30189
8680,0.037944,0.24,30174
8681,0.037871,0.24,29901
8682,0.038038,0.24,30168
8683,0.037378,0.24,30194
8684,0.037073,0.24,30179
8685,0.037714,0.24,30197
8686,0.03792,0.24,30185
8687,0.03774,0.24,30184
8688,0.03773,0.24,30043
8689,0.04053,0.24,28330
8690,0.039873,0.24,30179
8691,0.041222,0.24,29852
8692,0.04117,0.24,30151
8693,0.040494,0.24,30181
8694,0.040566,0.24,30159
8695,0.039478,0.24,30183
8696,0.038967,0.24,30198
8697,0.039089,0.24,30197
8698,0.039373,0.24,28240
8699,0.038738,0.24,30164
8700,0.03841,0.24,30198
8701,0.038473,0.24,30207
8702,0.040918,0.24,30200
8703,0.04047,0.24,30205
8704,0.040309,0.24,30173
8705,0.039581,0.24,30192
8706,0.03867,0.24,30199
8707,0.037705,0.24,28557
8708,0.037352,0.24,30181
8709,0.037919,0.24,30151
8710,0.037542,0.24,30198
8711,0.037434,0.24,30195
8712,0.037056,0.24,30197
8713,0.037392,0.24,30198
8714,0.037101,0.24,30182
8715,0.037081,0.24,29915
8716,0.036689,0.24,30098
8717,0.037608,0.24,30190
8718,0.036715,0.24,30030
8719,0.036693,0.24,30185
8720,0.036799,0.24,30205
8721,0.037226,0.24,30174
8722,0.03765,0.24,30164
8723,0.036633,0.24,29400
8724,0.036543,0.24,30129
8725,0.037459,0.24,30180
8726,0.038255,0.24,30190
8727,0.038087,0.24,30107
8728,0.039564,0.24,30181
8729,0.038396,0.24,29042
8730,0.038419,0.24,30196
8731,0.038806,0.24,30193
8732,0.038514,0.24,30195
8733,0.037795,0.24,30190
8734,0.037683,0.24,29870
8735,0.037643,0.23,30098
8736,0.037257,0.23,30184
8737,0.037805,0.23,30185
8738,0.037743,0.23,30184
8739,0.037511,0.23,30176
8740,0.037338,0.23,30176
8741,0.038251,0.23,30072
8742,0.038447,0.23,30192
8743,0.039024,0.23,30024
8744,0.038692,0.23,27518
8745,0.038027,0.23,30188
8746,0.037204,0.23,30192
8747,0.036872,0.23,30190
8748,0.037167,0.23,30119
8749,0.039179,0.23,30032
8750,0.038452,0.23,30034
8751,0.037903,0.23,30114
8752,0.037123,0.23,29916
8753,0.039885,0.23,30061
8754,0.04267,0.23,28048
8755,0.041594,0.23,30151
8756,0.041055,0.23,30093
8757,0.040568,0.23,30120
8758,0.040279,0.23,30015
8759,0.039486,0.23,28501
8760,0.039606,0.23,30153
8761,0.038712,0.23,30110
8762,0.037544,0.23,30108
8763,0.036848,0.23,30194
8764,0.036416,0.23,30175
8765,0.036814,0.23,30118
8766,0.036959,0.23,30164
8767,0.036336,0.23,30155
8768,0.036005,0.23,30172
8769,0.037314,0.23,30145
8770,0.037375,0.23,30115
8771,0.037383,0.23,30177
8772,0.036589,0.23,30176
8773,0.036479,0.23,30170
8774,0.036553,0.23,30180
8775,0.035575,0.23,30151
8776,0.036261,0.23,30196
8777,0.036479,0.23,30160
8778,0.037101,0.23,30174
8779,0.037007,0.23,30150
8780,0.036499,0.23,30142
8781,0.036048,0.23,30173
8782,0.035388,0.23,30183
8783,0.035861,0.23,30163
8784,0.035001,0.23,30033
8785,0.034463,0.23,30190
8786,0.03574,0.23,29647
8787,0.03601,0.23,30108
8788,0.036602,0.23,30123
8789,0.036139,0.23,28552
8790,0.036537,0.23,30199
8791,0.035868,0.23,30102
8792,0.037257,0.23,30141
8793,0.037068,0.23,30175
8794,0.037353,0.23,30190
8795,0.037708,0.23,30059
8796,0.037442,0.23,30184
8797,0.036757,0.23,30194
8798,0.035589,0.23,30183
8799,0.035581,0.23,30188
8800,0.035369,0.23,28465
8801,0.035193,0.23,29400
8802,0.034669,0.23,30199
8803,0.034092,0.22,30205
8804,0.03476,0.22,30186
8805,0.034648,0.22,30182
8806,0.034475,0.22,30189
8807,0.034257,0.22,30204
8808,0.034333,0.22,30056
8809,0.033807,0.22,30039
8810,0.033675,0.22,30198
8811,0.034417,0.22,30186
8812,0.03499,0.22,30128
8813,0.035015,0.22,30059
8814,0.034604,0.22,30178
8815,0.03607,0.22,29649
8816,0.036063,0.22,30197
8817,0.036534,0.22,30205
8818,0.036071,0.22,29772
8819,0.035108,0.22,30164
8820,0.034894,0.22,29909
8821,0.033997,0.22,30194
8822,0.034435,0.22,30172
8823,0.034005,0.22,30200
8824,0.033889,0.22,30193
8825,0.033515,0.22,30191
8826,0.033529,0.22,30193
8827,0.03355,0.22,30113
8828,0.034265,0.22,30182
8829,0.035495,0.22,30160
8830,0.035355,0.22,30177
8831,0.03542,0.22,30190
8832,0.035554,0.22,30186
8833,0.035162,0.22,30188
8834,0.034476,0.22,30183
8835,0.036905,0.22,30178
8836,0.036485,0.22,30189
8837,0.035406,0.22,30186
8838,0.034985,0.22,30175
8839,0.034707,0.22,30177
8840,0.03521,0.22,30185
8841,0.035422,0.22,29481
8842,0.034946,0.22,30157
8843,0.034422,0.22,30141
8844,0.033685,0.22,30181
8845,0.032878,0.22,30163
8846,0.032692,0.22,30180
8847,0.032929,0.22,28446
8848,0.03237,0.22,30177
8849,0.032279,0.22,30185
8850,0.032773,0.22,30187
8851,0.032711,0.22,30190
8852,0.033375,0.22,30190
8853,0.033188,0.22,30191
8854,0.032844,0.22,30101
8855,0.032273,0.22,30202
8856,0.032646,0.22,30195
8857,0.032594,0.22,30199
8858,0.032631,0.22,30191
8859,0.032446,0.22,30082
8860,0.032492,0.22,29998
8861,0.032441,0.22,30183
8862,0.032174,0.22,30194
8863,0.03168,0.22,30196
8864,0.031776,0.22,30182
8865,0.031322,0.22,30173
8866,0.031537,0.22,30103
8867,0.032347,0.22,30171
8868,0.032253,0.22,30191
8869,0.032813,0.22,30194
8870,0.032217,0.22,30197
8871,0.032863,0.22,30162
8872,0.032811,0.21,30177
8873,0.033681,0.21,30051
8874,0.03355,0.21,30187
8875,0.033736,0.21,30158
8876,0.032846,0.21,30099
8877,0.033796,0.21,30199
8878,0.033592,0.21,30078
8879,0.032974,0.21,30187
8880,0.033102,0.21,30185
8881,0.032782,0.21,29959
8882,0.032731,0.21,30191
8883,0.032382,0.21,30005
8884,0.032766,0.21,30163
8885,0.032528,0.21,30163
8886,0.0337,0.21,30162
8887,0.033821,0.21,30178
8888,0.033787,0.21,30172
8889,0.03428,0.21,30177
8890,0.033972,0.21,30108
8891,0.03364,0.21,30189
8892,0.034697,0.21,28595
8893,0.034479,0.21,30169
8894,0.033532,0.21,30153
8895,0.032856,0.21,30171
8896,0.032335,0.21,30051
8897,0.031893,0.21,30192
8898,0.031944,0.21,30188
8899,0.031251,0.21,30185
8900,0.030752,0.21,30195
8901,0.030167,0.21,30192
8902,0.030301,0.21,30196
8903,0.030503,0.21,30194
8904,0.030811,0.21,30194
8905,0.030302,0.21,30190
8906,0.030051,0.21,30180
8907,0.029974,0.21,30195
8908,0.029396,0.21,30188
8909,0.02952,0.21,30189
8910,0.02973,0.21,30192
8911,0.030578,0.21,30195
8912,0.030331,0.21,29888
8913,0.030089,0.21,29840
8914,0.029832,0.21,30161
8915,0.029707,0.21,30071
8916,0.029252,0.21,30175
8917,0.029298,0.21,30179
8918,0.0294,0.21,30184
8919,0.030159,0.21,30193
8920,0.030063,0.21,30195
8921,0.029902,0.21,30168
8922,0.029896,0.21,30186
8923,0.0303,0.21,30172
8924,0.032644,0.21,30190
8925,0.032622,0.21,30199
8926,0.032215,0.21,30196
8927,0.0327,0.21,30187
8928,0.033902,0.21,30034
8929,0.033382,0.21,29984
8930,0.032739,0.21,30190
8931,0.032126,0.21,30197
8932,0.032353,0.21,30145
8933,0.03224,0.21,30129
8934,0.031269,0.21,30176
8935,0.03173,0.21,30186
8936,0.032032,0.21,30189
8937,0.03157,0.21,30165
8938,0.031709,0.21,30134
8939,0.031349,0.21,28691
8940,0.031094,0.2,30190
8941,0.030451,0.2,30170
8942,0.030272,0.2,30185
8943,0.030386,0.2,29731
8944,0.030202,0.2,30189
8945,0.03013,0.2,30143
8946,0.030021,0.2,30188
8947,0.029494,0.2,30178
8948,0.02923,0.2,30169
8949,0.030524,0.2,30164
8950,0.03013,0.2,30184
8951,0.030246,0.2,30193
8952,0.029968,0.2,30174
8953,0.030508,0.2,30194
8954,0.030558,0.2,30187
8955,0.031135,0.2,30172
8956,0.031323,0.2,28317
8957,0.031888,0.2,30182
8958,0.031152,0.2,30193
8959,0.03083,0.2,30204
8960,0.030556,0.2,30199
8961,0.030333,0.2,29641
8962,0.030289,0.2,30167
8963,0.029967,0.2,30175
8964,0.029527,0.2,30180
8965,0.029227,0.2,30164
8966,0.029442,0.2,30192
8967,0.03063,0.2,30198
8968,0.030492,0.2,30102
8969,0.031163,0.2,30167
8970,0.031027,0.2,30178
8971,0.03061,0.2,30157
8972,0.030182,0.2,30194
8973,0.030246,0.2,30191
8974,0.030914,0.2,30195
8975,0.031282,0.2,30199
8976,0.030875,0.2,30200
8977,0.030273,0.2,30200
8978,0.02986,0.2,28383
8979,0.031088,0.2,30196
8980,0.030447,0.2,30162
8981,0.030436,0.2,28549
8982,0.030735,0.2,30191
8983,0.029968,0.2,30185
8984,0.029412,0.2,29731
8985,0.029363,0.2,28276
8986,0.029702,0.2,30185
8987,0.031778,0.2,30197
8988,0.031183,0.2,28636
8989,0.031234,0.2,30191
8990,0.030719,0.2,30169
8991,0.030146,0.2,30197
8992,0.02994,0.2,30194
8993,0.030574,0.2,30146
8994,0.03038,0.2,27528
8995,0.03118,0.2,30184
8996,0.031003,0.2,30192
8997,0.030213,0.2,30196
8998,0.03002,0.2,30201
8999,0.02952,0.2,30202
9000,0.029324,0.2,30392
9001,0.030585,0.2,29708
9002,0.030257,0.2,30349
9003,0.031005,0.2,30311
9004,0.030132,0.2,30332
9005,0.030326,0.2,30329
9006,0.030337,0.2,30328
9007,0.030406,0.2,30327
9008,0.03007,0.19,30334
9009,0.02977,0.19,30282
9010,0.029515,0.19,29816
9011,0.029722,0.19,30324
9012,0.029006,0.19,30304
9013,0.028286,0.19,30328
9014,0.029998,0.19,30320
9015,0.030331,0.19,30285
9016,0.030216,0.19,30301
9017,0.029344,0.19,30321
9018,0.030485,0.19,30323
9019,0.061778,0.19,30341
9020,0.058059,0.19,30340
9021,0.054993,0.19,30097
9022,0.051809,0.19,30303
9023,0.050585,0.19,30300
9024,0.04772,0.19,30195
9025,0.046072,0.19,30303
9026,0.044737,0.19,30320
9027,0.043741,0.19,30276
9028,0.042888,0.19,30233
9029,0.041689,0.19,30266
9030,0.041388,0.19,28204
9031,0.039904,0.19,30265
9032,0.040945,0.19,30307
9033,0.03952,0.19,30271
9034,0.038271,0.19,30001
9035,0.037875,0.19,30168
9036,0.036956,0.19,30297
9037,0.035983,0.19,30267
9038,0.034546,0.19,30277
9039,0.033242,0.19,30244
9040,0.032813,0.19,29833
9041,0.032085,0.19,30135
9042,0.031278,0.19,30191
9043,0.030588,0.19,30209
9044,0.029559,0.19,30077
9045,0.02955,0.19,30139
9046,0.029188,0.19,30192
9047,0.02917,0.19,30205
9048,0.029417,0.19,29830
9049,0.028924,0.19,30131
9050,0.028372,0.19,30079
9051,0.028483,0.19,29824
9052,0.028476,0.19,29840
9053,0.028409,0.19,30208
9054,0.030092,0.19,30034
9055,0.02966,0.19,30208
9056,0.029593,0.19,30167
9057,0.029234,0.19,30195
9058,0.028804,0.19,30129
9059,0.027966,0.19,30197
9060,0.028799,0.19,30209
9061,0.028255,0.19,30200
9062,0.029212,0.19,30210
9063,0.028483,0.19,30209
9064,0.027898,0.19,30212
9065,0.027165,0.19,28550
9066,0.027766,0.19,30186
9067,0.02805,0.19,30205
9068,0.027785,0.19,30207
9069,0.027089,0.19,30174
9070,0.026263,0.19,30198
9071,0.026508,0.19,30188
9072,0.026471,0.19,30135
9073,0.025856,0.19,29458
9074,0.025735,0.19,30149
9075,0.026242,0.19,30169
9076,0.026135,0.19,28044
9077,0.025987,0.18,30066
9078,0.025806,0.18,27411
9079,0.025521,0.18,30196
9080,0.025177,0.18,30143
9081,0.024721,0.18,30168
9082,0.025019,0.18,30092
9083,0.025308,0.18,30190
9084,0.025378,0.18,29654
9085,0.024993,0.18,30206
9086,0.025436,0.18,30159
9087,0.025131,0.18,30050
9088,0.025346,0.18,30138
9089,0.025105,0.18,30148
9090,0.025634,0.18,30181
9091,0.026701,0.18,30205
9092,0.026076,0.18,30194
9093,0.025912,0.18,30189
9094,0.025903,0.18,30192
9095,0.026204,0.18,30210
9096,0.026548,0.18,30197
9097,0.026813,0.18,30202
9098,0.026217,0.18,30190
9099,0.026193,0.18,30191
9100,0.028153,0.18,29953
9101,0.028709,0.18,30157
9102,0.028044,0.18,30178
9103,0.028497,0.18,30169
9104,0.02957,0.18,30144
9105,0.029346,0.18,30022
9106,0.028658,0.18,30141
9107,0.028252,0.18,30135
9108,0.02858,0.18,30159
9109,0.028049,0.18,30173
9110,0.02756,0.18,30194
9111,0.027519,0.18,30207
9112,0.027788,0.18,30182
9113,0.027669,0.18,30173
9114,0.027432,0.18,30194
9115,0.027925,0.18,30078
9116,0.028157,0.18,30145
9117,0.027855,0.18,30145
9118,0.027598,0.18,29921
9119,0.027546,0.18,30189
9120,0.02724,0.18,29738
9121,0.026567,0.18,30141
9122,0.026463,0.18,28264
9123,0.0265,0.18,30123
9124,0.025907,0.18,30154
9125,0.025727,0.18,30146
9126,0.027488,0.18,30164
9127,0.026834,0.18,30194
9128,0.026974,0.18,30060
9129,0.026318,0.18,30180
9130,0.026227,0.18,30192
9131,0.025668,0.18,30181
9132,0.025447,0.18,30162
9133,0.025222,0.18,30148
9134,0.024963,0.18,30141
9135,0.025747,0.18,30028
9136,0.0259,0.18,30128
9137,0.025292,0.18,30136
9138,0.024968,0.18,30182
9139,0.025036,0.18,30173
9140,0.024798,0.18,30203
9141,0.025859,0.18,30203
9142,0.025473,0.18,30169
9143,0.025189,0.18,29898
9144,0.02497,0.18,30147
9145,0.024749,0.17,30169
9146,0.024467,0.17,30176
9147,0.02445,0.17,30093
9148,0.024425,0.17,29714
9149,0.024373,0.17,30038
9150,0.024771,0.17,30123
9151,0.024481,0.17,30130
9152,0.023978,0.17,30125
9153,0.023966,0.17,30181
9154,0.023792,0.17,30202
9155,0.024285,0.17,30184
9156,0.024728,0.17,30177
9157,0.024334,0.17,30185
9158,0.023956,0.17,30197
9159,0.02391,0.17,29454
9160,0.024536,0.17,30173
9161,0.025324,0.17,30183
9162,0.025164,0.17,30198
9163,0.024797,0.17,30205
9164,0.024623,0.17,30195
9165,0.024726,0.17,30124
9166,0.024375,0.17,30200
9167,0.023923,0.17,30206
9168,0.023616,0.17,28175
9169,0.023922,0.17,30183
9170,0.023982,0.17,30167
9171,0.023461,0.17,30204
9172,0.024306,0.17,30208
9173,0.023728,0.17,30201
9174,0.023475,0.17,30207
9175,0.023311,0.17,28529
9176,0.023177,0.17,30161
9177,0.0227,0.17,30190
9178,0.022377,0.17,30198
9179,0.022744,0.17,30206
9180,0.02301,0.17,30161
9181,0.022581,0.17,30197
9182,0.022362,0.17,30045
9183,0.022196,0.17,30124
9184,0.02218,0.17,30029
9185,0.022334,0.17,30196
9186,0.022375,0.17,30117
9187,0.02251,0.17,30159
9188,0.022916,0.17,30148
9189,0.02373,0.17,30146
9190,0.024099,0.17,30155
9191,0.023885,0.17,30194
9192,0.023872,0.17,29774
9193,0.023177,0.17,29709
9194,0.023259,0.17,30209
9195,0.022708,0.17,30160
9196,0.022332,0.17,29838
9197,0.022458,0.17,30173
9198,0.023789,0.17,30188
9199,0.025029,0.17,30164
9200,0.025099,0.17,30157
9201,0.024981,0.17,30184
9202,0.024844,0.17,30195
9203,0.024533,0.17,30212
9204,0.024404,0.17,30195
9205,0.023942,0.17,30205
9206,0.023536,0.17,30194
9207,0.023405,0.17,30185
9208,0.023629,0.17,30192
9209,0.023251,0.17,30163
9210,0.024157,0.17,30204
9211,0.023614,0.17,27508
9212,0.02361,0.17,30143
9213,0.023888,0.17,30133
9214,0.023561,0.16,28688
9215,0.023374,0.16,30007
9216,0.025924,0.16,30197
9217,0.025233,0.16,30195
9218,0.025234,0.16,30207
9219,0.025162,0.16,30151
9220,0.025114,0.16,30150
9221,0.024599,0.16,30198
9222,0.023873,0.16,30201
9223,0.024877,0.16,30083
9224,0.024033,0.16,30207
9225,0.036002,0.16,30104
9226,0.034432,0.16,30195
9227,0.033281,0.16,30189
9228,0.031913,0.16,30195
9229,0.031076,0.16,30186
9230,0.030526,0.16,30146
9231,0.030221,0.16,30035
9232,0.02917,0.16,29684
9233,0.028116,0.16,30044
9234,0.028694,0.16,29970
9235,0.028356,0.16,30194
9236,0.027825,0.16,30200
9237,0.027238,0.16,30165
9238,0.02708,0.16,30201
9239,0.026239,0.16,30164
9240,0.025796,0.16,30172
9241,0.025555,0.16,30183
9242,0.025049,0.16,30195
9243,0.024707,0.16,30153
9244,0.024209,0.16,30144
9245,0.024543,0.16,30036
9246,0.025089,0.16,30149
9247,0.024272,0.16,30175
9248,0.02446,0.16,29446
9249,0.024169,0.16,29923
9250,0.024188,0.16,29739
9251,0.02371,0.16,30161
9252,0.023336,0.16,30149
9253,0.022854,0.16,29906
9254,0.022579,0.16,30160
9255,0.022638,0.16,30166
9256,0.022118,0.16,29883
9257,0.022745,0.16,30119
9258,0.023583,0.16,29722
9259,0.023283,0.16,29992
9260,0.022957,0.16,30198
9261,0.023161,0.16,28671
9262,0.023246,0.16,30195
9263,0.023005,0.16,30199
9264,0.022985,0.16,30209
9265,0.023032,0.16,30127
9266,0.022544,0.16,30177
9267,0.023421,0.16,30176
9268,0.023338,0.16,30146
9269,0.022867,0.16,30198
9270,0.022711,0.16,30206
9271,0.022741,0.16,28806
9272,0.022688,0.16,30172
9273,0.022579,0.16,30130
9274,0.022253,0.16,30138
9275,0.021916,0.16,30065
9276,0.022245,0.16,30076
9277,0.021817,0.16,30185
9278,0.022008,0.16,30214
9279,0.02168,0.16,30148
9280,0.021739,0.16,30111
9281,0.021928,0.16,27986
9282,0.02176,0.15,30196
9283,0.022422,0.15,30041
9284,0.02254,0.15,30163
9285,0.022506,0.15,30143
9286,0.023174,0.15,30183
9287,0.022579,0.15,30179
9288,0.022591,0.15,29832
9289,0.022529,0.15,30147
9290,0.022804,0.15,30145
9291,0.022586,0.15,30199
9292,0.022366,0.15,29894
9293,0.022494,0.15,30156
9294,0.022378,0.15,30152
9295,0.022359,0.15,29663
9296,0.022406,0.15,30173
9297,0.022149,0.15,30143
9298,0.021773,0.15,30151
9299,0.021464,0.15,30176
9300,0.021629,0.15,30202
9301,0.021487,0.15,30182
9302,0.021372,0.15,29238
9303,0.021317,0.15,30175
9304,0.021547,0.15,30138
9305,0.023454,0.15,30172
9306,0.023173,0.15,30202
9307,0.023359,0.15,28663
9308,0.023199,0.15,30197
9309,0.022777,0.15,30163
9310,0.023336,0.15,29819
9311,0.023236,0.15,30197
9312,0.023171,0.15,30177
9313,0.022895,0.15,30182
9314,0.022323,0.15,30190
9315,0.022249,0.15,30204
9316,0.022069,0.15,30154
9317,0.02174,0.15,30142
9318,0.021389,0.15,29726
9319,0.021369,0.15,30127
9320,0.021673,0.15,30164
9321,0.021545,0.15,30184
9322,0.021533,0.15,30138
9323,0.021282,0.15,30040
9324,0.021034,0.15,30161
9325,0.021285,0.15,30212
9326,0.021151,0.15,30204
9327,0.021074,0.15,30202
9328,0.021687,0.15,30174
9329,0.021706,0.15,30143
9330,0.021466,0.15,30160
9331,0.021062,0.15,30108
9332,0.02125,0.15,30205
9333,0.021607,0.15,30184
9334,0.021425,0.15,30199
9335,0.021049,0.15,30191
9336,0.021987,0.15,30173
9337,0.021824,0.15,30203
9338,0.022998,0.15,30164
9339,0.022479,0.15,30138
9340,0.022136,0.15,30151
9341,0.022737,0.15,30204
9342,0.023152,0.15,30198
9343,0.0228,0.15,30195
9344,0.022522,0.15,30160
9345,0.022763,0.15,29683
9346,0.022342,0.15,30211
9347,0.022578,0.15,30076
9348,0.022436,0.15,30177
9349,0.0222,0.15,30158
9350,0.021704,0.15,30182
9351,0.021418,0.14,30118
9352,0.021387,0.14,30187
9353,0.022605,0.14,28654
9354,0.022571,0.14,30201
9355,0.022163,0.14,30191
9356,0.02188,0.14,30124
9357,0.021912,0.14,30025
9358,0.021604,0.14,26292
9359,0.021083,0.14,30195
9360,0.021076,0.14,30141
9361,0.021157,0.14,29168
9362,0.02077,0.14,30176
9363,0.020716,0.14,30124
9364,0.020549,0.14,30179
9365,0.021939,0.14,27338
9366,0.023054,0.14,30175
9367,0.023506,0.14,30201
9368,0.022797,0.14,30202
9369,0.022378,0.14,30150
9370,0.022046,0.14,30186
9371,0.021655,0.14,30191
9372,0.021305,0.14,28744
9373,0.021076,0.14,30076
9374,0.020915,0.14,27671
9375,0.02077,0.14,30198
9376,0.020689,0.14,30150
9377,0.020605,0.14,30187
9378,0.02054,0.14,30207
9379,0.020349,0.14,30178
9380,0.020713,0.14,30177
9381,0.020681,0.14,30040
9382,0.020599,0.14,29627
9383,0.020466,0.14,30082
9384,0.020152,0.14,30149
9385,0.020321,0.14,29058
9386,0.020125,0.14,30206
9387,0.019908,0.14,30192
9388,0.019882,0.14,29839
9389,0.021188,0.14,30149
9390,0.020872,0.14,30170
9391,0.020617,0.14,30170
9392,0.020438,0.14,29628
9393,0.020482,0.14,28375
9394,0.020142,0.14,30157
9395,0.019899,0.14,30200
9396,0.019728,0.14,30190
9397,0.021107,0.14,27214
9398,0.021015,0.14,30149
9399,0.021104,0.14,30111
9400,0.021242,0.14,27765
9401,0.021299,0.14,30202
9402,0.022089,0.14,30147
9403,0.022281,0.14,30169
9404,0.021764,0.14,30132
9405,0.021414,0.14,30185
9406,0.021274,0.14,30140
9407,0.022112,0.14,30188
9408,0.021716,0.14,29497
9409,0.021451,0.14,30042
9410,0.021177,0.14,30146
9411,0.020886,0.14,30174
9412,0.020842,0.14,30140
9413,0.020737,0.14,30139
9414,0.020346,0.14,30135
9415,0.020294,0.14,30053
9416,0.02021,0.14,30131
9417,0.020281,0.14,30106
9418,0.020067,0.14,30186
9419,0.019962,0.13,30156
9420,0.019765,0.13,30145
9421,0.019585,0.13,30144
9422,0.019744,0.13,30138
9423,0.019486,0.13,30125
9424,0.019543,0.13,30185
9425,0.01969,0.13,30133
9426,0.020214,0.13,30166
9427,0.020481,0.13,30169
9428,0.02087,0.13,30130
9429,0.020629,0.13,30205
9430,0.020591,0.13,30169
9431,0.020644,0.13,30202
9432,0.020511,0.13,30185
9433,0.020363,0.13,30180
9434,0.02044,0.13,30116
9435,0.020866,0.13,30074
9436,0.020572,0.13,30184
9437,0.020759,0.13,30185
9438,0.020681,0.13,30177
9439,0.020565,0.13,30180
9440,0.020254,0.13,30160
9441,0.019981,0.13,30151
9442,0.019908,0.13,30194
9443,0.019806,0.13,30160
9444,0.020242,0.13,30110
9445,0.019858,0.13,30191
9446,0.019864,0.13,28279
9447,0.019504,0.13,30205
9448,0.019572,0.13,30193
9449,0.019248,0.13,30162
9450,0.018964,0.13,30207
9451,0.019258,0.13,30081
9452,0.020021,0.13,30208
9453,0.019759,0.13,30132
9454,0.020191,0.13,30204
9455,0.020162,0.13,30150
9456,0.020244,0.13,30143
9457,0.020042,0.13,30166
9458,0.019901,0.13,30194
9459,0.019662,0.13,30145
9460,0.019285,0.13,30152
9461,0.019719,0.13,30147
9462,0.020134,0.13,30133
9463,0.020677,0.13,30144
9464,0.021947,0.13,30068
9465,0.021544,0.13,30162
9466,0.021378,0.13,30027
9467,0.02101,0.13,30149
9468,0.020637,0.13,30156
9469,0.021203,0.13,30145
9470,0.021239,0.13,30176
9471,0.020851,0.13,30199
9472,0.020582,0.13,27667
9473,0.020349,0.13,30193
9474,0.020037,0.13,30115
9475,0.019878,0.13,30182
9476,0.019761,0.13,30184
9477,0.019414,0.13,30184
9478,0.019196,0.13,30187
9479,0.019783,0.13,30167
9480,0.019621,0.13,30149
9481,0.019391,0.13,30153
9482,0.01934,0.13,30197
9483,0.019142,0.13,30146
9484,0.019725,0.13,30192
9485,0.019453,0.13,30070
9486,0.019548,0.13,30189
9487,0.019677,0.12,29970
9488,0.019893,0.12,30001
9489,0.019561,0.12,29959
9490,0.019642,0.12,30207
9491,0.02014,0.12,30189
9492,0.019691,0.12,28136
9493,0.020114,0.12,28565
9494,0.019961,0.12,30199
9495,0.020025,0.12,30208
9496,0.020098,0.12,30189
9497,0.020459,0.12,30147
9498,0.020584,0.12,30117
9499,0.02049,0.12,30148
9500,0.020268,0.12,30174
9501,0.020088,0.12,30185
9502,0.020333,0.12,30104
9503,0.020743,0.12,30116
9504,0.020557,0.12,30183
9505,0.02052,0.12,30205
9506,0.020075,0.12,30174
9507,0.019997,0.12,30192
9508,0.01985,0.12,30189
9509,0.019801,0.12,30168
9510,0.0195,0.12,29434
9511,0.019395,0.12,30131
9512,0.0199,0.12,30132
9513,0.019582,0.12,30023
9514,0.019525,0.12,27304
9515,0.019215,0.12,30182
9516,0.019128,0.12,30020
9517,0.01902,0.12,30173
9518,0.018768,0.12,30163
9519,0.018709,0.12,25185
9520,0.018966,0.12,30204
9521,0.019322,0.12,30179
9522,0.019397,0.12,30198
9523,0.019247,0.12,30180
9524,0.018901,0.12,30151
9525,0.018672,0.12,30156
9526,0.018407,0.12,30169
9527,0.018268,0.12,30140
9528,0.018151,0.12,30159
9529,0.018008,0.12,30153
9530,0.017714,0.12,30150
9531,0.017599,0.12,29512
9532,0.01789,0.12,30061
9533,0.01784,0.12,30085
9534,0.017677,0.12,30205
9535,0.017383,0.12,30197
9536,0.017233,0.12,30188
9537,0.017294,0.12,28735
9538,0.017204,0.12,30191
9539,0.016971,0.12,28581
9540,0.01718,0.12,30196
9541,0.017153,0.12,30164
9542,0.017006,0.12,30169
9543,0.017145,0.12,30170
9544,0.017879,0.12,30178
9545,0.019187,0.12,30119
9546,0.018958,0.12,29621
9547,0.018995,0.12,29770
9548,0.018707,0.12,30176
9549,0.018602,0.12,30187
9550,0.018756,0.12,30181
9551,0.018552,0.12,30183
9552,0.01832,0.12,30061
9553,0.01887,0.12,30161
9554,0.018637,0.12,30194
9555,0.018518,0.12,30161
9556,0.018597,0.11,30154
9557,0.018448,0.11,30031
9558,0.019166,0.11,30128
9559,0.018753,0.11,30176
9560,0.018525,0.11,30185
9561,0.018922,0.11,30171
9562,0.018884,0.11,30179
9563,0.019314,0.11,30037
9564,0.019034,0.11,30179
9565,0.019037,0.11,30158
9566,0.018873,0.11,30143
9567,0.018791,0.11,30189
9568,0.018897,0.11,29759
9569,0.018664,0.11,30197
9570,0.01841,0.11,30196
9571,0.018619,0.11,30196
9572,0.018501,0.11,30196
9573,0.018169,0.11,30178
9574,0.018019,0.11,30169
9575,0.018055,0.11,26889
9576,0.017899,0.11,30176
9577,0.018262,0.11,30139
9578,0.018425,0.11,30010
9579,0.018646,0.11,30059
9580,0.018457,0.11,30143
9581,0.018473,0.11,27029
9582,0.018272,0.11,30187
9583,0.018489,0.11,30197
9584,0.019029,0.11,30195
9585,0.018681,0.11,30188
9586,0.018697,0.11,27022
9587,0.018481,0.11,30200
9588,0.018132,0.11,30207
9589,0.018058,0.11,30202
9590,0.01806,0.11,30161
9591,0.017859,0.11,30085
9592,0.01755,0.11,30133
9593,0.017873,0.11,30116
9594,0.017807,0.11,30202
9595,0.017753,0.11,30185
9596,0.017596,0.11,30142
9597,0.018427,0.11,30074
9598,0.018107,0.11,30162
9599,0.018035,0.11,30196
9600,0.017724,0.11,30178
9601,0.018222,0.11,30145
9602,0.018167,0.11,30175
9603,0.018482,0.11,30190
9604,0.018447,0.11,30160
9605,0.0182,0.11,30192
9606,0.017983,0.11,30147
9607,0.018077,0.11,30123
9608,0.018013,0.11,30177
9609,0.017856,0.11,30186
9610,0.01872,0.11,30169
9611,0.018662,0.11,30048
9612,0.018919,0.11,29938
9613,0.018788,0.11,30198
9614,0.018687,0.11,30144
9615,0.018558,0.11,29954
9616,0.018255,0.11,30131
9617,0.018501,0.11,30110
9618,0.018538,0.11,30170
9619,0.018276,0.11,30000
9620,0.01815,0.11,30169
9621,0.018229,0.11,30141
9622,0.018422,0.11,30129
9623,0.018658,0.11,30126
9624,0.018344,0.1,30168
9625,0.018155,0.1,30150
9626,0.01802,0.1,30135
9627,0.018143,0.1,30134
9628,0.017944,0.1,30136
9629,0.017678,0.1,30142
9630,0.017718,0.1,30157
9631,0.017879,0.1,26561
9632,0.018797,0.1,30170
9633,0.018559,0.1,30179
9634,0.018363,0.1,30203
9635,0.01823,0.1,30126
9636,0.01798,0.1,30191
9637,0.017986,0.1,30206
9638,0.017929,0.1,29771
9639,0.017989,0.1,29351
9640,0.01785,0.1,30185
9641,0.018459,0.1,30148
9642,0.018581,0.1,30145
9643,0.018493,0.1,28541
9644,0.018119,0.1,30047
9645,0.01792,0.1,30160
9646,0.017659,0.1,30155
9647,0.017619,0.1,29942
9648,0.017422,0.1,30036
9649,0.017116,0.1,30154
9650,0.017117,0.1,30141
9651,0.017142,0.1,30181
9652,0.018486,0.1,30211
9653,0.018164,0.1,30206
9654,0.018195,0.1,30192
9655,0.018163,0.1,30148
9656,0.018268,0.1,30191
9657,0.018153,0.1,30181
9658,0.017858,0.1,30123
9659,0.018422,0.1,29595
9660,0.018613,0.1,30162
9661,0.018632,0.1,30197
9662,0.018304,0.1,30198
9663,0.018586,0.1,30166
9664,0.018384,0.1,30110
9665,0.018123,0.1,29956
9666,0.017831,0.1,30129
9667,0.017905,0.1,30193
9668,0.017584,0.1,28035
9669,0.01728,0.1,30200
9670,0.017366,0.1,30203
9671,0.017246,0.1,30193
9672,0.017149,0.1,30181
9673,0.016933,0.1,30172
9674,0.017938,0.1,30193
9675,0.01817,0.1,29297
9676,0.018127,0.1,30133
9677,0.018288,0.1,28056
9678,0.018132,0.1,30194
9679,0.017837,0.1,30186
9680,0.017653,0.1,30176
9681,0.017743,0.1,30170
9682,0.017588,0.1,30094
9683,0.017319,0.1,30161
9684,0.01712,0.1,30155
9685,0.016959,0.1,30134
9686,0.016986,0.1,29314
9687,0.017015,0.1,30195
9688,0.017096,0.1,30203
9689,0.016901,0.1,30198
9690,0.017139,0.1,30165
9691,0.017115,0.1,30063
9692,0.016851,0.1,30196
9693,0.017372,0.09,28617
9694,0.017354,0.09,30158
9695,0.017413,0.09,30146
9696,0.017422,0.09,30153
9697,0.01741,0.09,30197
9698,0.017461,0.09,30197
9699,0.01767,0.09,30193
9700,0.017486,0.09,30140
9701,0.01739,0.09,30150
9702,0.017478,0.09,30137
9703,0.01731,0.09,30153
9704,0.019164,0.09,30126
9705,0.019227,0.09,30192
9706,0.018826,0.09,30172
9707,0.01846,0.09,30167
9708,0.018194,0.09,30182
9709,0.017911,0.09,29788
9710,0.017721,0.09,30147
9711,0.017679,0.09,30176
9712,0.017577,0.09,30175
9713,0.017318,0.09,30197
9714,0.017318,0.09,30149
9715,0.01713,0.09,30176
9716,0.017511,0.09,30182
9717,0.017405,0.09,29665
9718,0.017188,0.09,30144
9719,0.017149,0.09,30141
9720,0.016905,0.09,30150
9721,0.017285,0.09,30145
9722,0.017395,0.09,30152
9723,0.017254,0.09,28136
9724,0.017431,0.09,30031
9725,0.017561,0.09,30124
9726,0.018647,0.09,30200
9727,0.019049,0.09,29845
9728,0.018651,0.09,30189
9729,0.018302,0.09,30181
9730,0.018658,0.09,30030
9731,0.018725,0.09,30124
9732,0.018374,0.09,30022
9733,0.018027,0.09,30166
9734,0.017763,0.09,30126
9735,0.017696,0.09,30149
9736,0.017786,0.09,30144
9737,0.017656,0.09,30150
9738,0.017589,0.09,30146
9739,0.017313,0.09,30144
9740,0.017295,0.09,30114
9741,0.017128,0.09,30145
9742,0.01718,0.09,30149
9743,0.016917,0.09,30145
9744,0.0168,0.09,30150
9745,0.016676,0.09,30145
9746,0.016697,0.09,30145
9747,0.016742,0.09,30139
9748,0.016717,0.09,30156
9749,0.016692,0.09,30106
9750,0.016383,0.09,30196
9751,0.01605,0.09,30183
9752,0.022098,0.09,30129
9753,0.021523,0.09,30167
9754,0.020986,0.09,30148
9755,0.020401,0.09,29304
9756,0.019936,0.09,30021
9757,0.019335,0.09,30194
9758,0.018828,0.09,29934
9759,0.018709,0.09,30185
9760,0.018245,0.09,30152
9761,0.018065,0.08,30184
9762,0.017607,0.08,30145
9763,0.017362,0.08,30133
9764,0.017114,0.08,28339
9765,0.016858,0.08,30136
9766,0.017434,0.08,30141
9767,0.018127,0.08,30141
9768,0.01896,0.08,30148
9769,0.019266,0.08,27977
9770,0.018763,0.08,30051
9771,0.01841,0.08,30184
9772,0.018376,0.08,30155
9773,0.018008,0.08,30028
9774,0.017762,0.08,30185
9775,0.017512,0.08,30155
9776,0.018266,0.08,30138
9777,0.018285,0.08,30127
9778,0.01784,0.08,29598
9779,0.017535,0.08,30110
9780,0.017236,0.08,30190
9781,0.018069,0.08,30183
9782,0.017793,0.08,30178
9783,0.017598,0.08,30199
9784,0.017508,0.08,30153
9785,0.017391,0.08,30172
9786,0.017004,0.08,30157
9787,0.016811,0.08,30200
9788,0.016527,0.08,27627
9789,0.016287,0.08,29996
9790,0.016453,0.08,30127
9791,0.01635,0.08,30115
9792,0.016157,0.08,28473
9793,0.016285,0.08,30121
9794,0.016078,0.08,30145
9795,0.015935,0.08,26947
9796,0.015773,0.08,30196
9797,0.015739,0.08,30148
9798,0.015594,0.08,30175
9799,0.015618,0.08,30147
9800,0.015553,0.08,30163
9801,0.015666,0.08,30183
9802,0.015895,0.08,30161
9803,0.015963,0.08,30057
9804,0.016033,0.08,30134
9805,0.016291,0.08,30167
9806,0.016079,0.08,29420
9807,0.015832,0.08,30152
9808,0.015865,0.08,30198
9809,0.015777,0.08,30164
9810,0.016418,0.08,30141
9811,0.016216,0.08,30152
9812,0.01596,0.08,30163
9813,0.016068,0.08,29647
9814,0.01654,0.08,30144
9815,0.016425,0.08,27980
9816,0.016186,0.08,30125
9817,0.015962,0.08,30114
9818,0.015841,0.08,30097
9819,0.016044,0.08,30103
9820,0.016308,0.08,30176
9821,0.016109,0.08,30205
9822,0.016727,0.08,30181
9823,0.017546,0.08,30119
9824,0.017454,0.08,29954
9825,0.017168,0.08,30140
9826,0.017204,0.08,30148
9827,0.016957,0.08,30157
9828,0.017377,0.08,30150
9829,0.017997,0.07,30188
9830,0.017583,0.07,30143
9831,0.017295,0.07,30197
9832,0.018073,0.07,30210
9833,0.017784,0.07,30096
9834,0.017457,0.07,29953
9835,0.017349,0.07,29935
9836,0.017616,0.07,30006
9837,0.017374,0.07,30158
9838,0.017045,0.07,30182
9839,0.017146,0.07,30204
9840,0.01692,0.07,30200
9841,0.017601,0.07,30178
9842,0.017583,0.07,30196
9843,0.017426,0.07,29326
9844,0.01707,0.07,30199
9845,0.017104,0.07,30197
9846,0.017237,0.07,30202
9847,0.017071,0.07,30202
9848,0.016907,0.07,30198
9849,0.016703,0.07,30190
9850,0.017928,0.07,30197
9851,0.017668,0.07,30192
9852,0.01796,0.07,30201
9853,0.017665,0.07,30202
9854,0.017426,0.07,30120
9855,0.01737,0.07,30155
9856,0.017166,0.07,30179
9857,0.016852,0.07,29949
9858,0.016632,0.07,30143
9859,0.01644,0.07,29879
9860,0.016368,0.07,30062
9861,0.016339,0.07,27806
9862,0.016186,0.07,30200
9863,0.015974,0.07,30207
9864,0.016165,0.07,30155
9865,0.016557,0.07,30202
9866,0.016664,0.07,30203
9867,0.017469,0.07,30203
9868,0.017228,0.07,30130
9869,0.017052,0.07,30183
9870,0.016842,0.07,30200
9871,0.016581,0.07,30201
9872,0.016353,0.07,30141
9873,0.016129,0.07,30157
9874,0.015983,0.07,30190
9875,0.016109,0.07,30176
9876,0.01602,0.07,27865
9877,0.01619,0.07,30201
9878,0.015979,0.07,30208
9879,0.015992,0.07,30196
9880,0.015791,0.07,30143
9881,0.015593,0.07,30204
9882,0.016228,0.07,30174
9883,0.016106,0.07,30125
9884,0.016042,0.07,30166
9885,0.016281,0.07,28596
9886,0.016201,0.07,30202
9887,0.016124,0.07,30153
9888,0.016134,0.07,30167
9889,0.016185,0.07,30161
9890,0.016069,0.07,30199
9891,0.016207,0.07,30169
9892,0.016063,0.07,29397
9893,0.016196,0.07,30147
9894,0.016178,0.07,30158
9895,0.015995,0.07,30208
9896,0.015954,0.07,30161
9897,0.016239,0.07,30090
9898,0.016002,0.06,30167
9899,0.015993,0.06,30106
9900,0.016225,0.06,30177
9901,0.016278,0.06,30181
9902,0.016045,0.06,30154
9903,0.016025,0.06,30189
9904,0.016007,0.06,30181
9905,0.015738,0.06,30159
9906,0.015649,0.06,30069
9907,0.01556,0.06,28491
9908,0.015849,0.06,30096
9909,0.015683,0.06,30170
9910,0.015598,0.06,30177
9911,0.015433,0.06,30209
9912,0.01538,0.06,30194
9913,0.016051,0.06,30179
9914,0.015877,0.06,29831
9915,0.015676,0.06,30154
9916,0.015729,0.06,30120
9917,0.015605,0.06,30164
9918,0.015699,0.06,30147
9919,0.015644,0.06,30134
9920,0.015424,0.06,30191
9921,0.015593,0.06,30167
9922,0.015527,0.06,30200
9923,0.015372,0.06,30204
9924,0.015433,0.06,30204
9925,0.015304,0.06,30194
9926,0.015184,0.06,30187
9927,0.015256,0.06,30193
9928,0.015177,0.06,30158
9929,0.015216,0.06,30192
9930,0.015421,0.06,30153
9931,0.015314,0.06,28747
9932,0.015617,0.06,30201
9933,0.015996,0.06,30181
9934,0.015863,0.06,30132
9935,0.015706,0.06,29695
9936,0.015607,0.06,30152
9937,0.015547,0.06,30132
9938,0.01563,0.06,30170
9939,0.015663,0.06,30163
9940,0.015618,0.06,30173
9941,0.015479,0.06,30205
9942,0.015407,0.06,30163
9943,0.015236,0.06,30155
9944,0.015519,0.06,30198
9945,0.015415,0.06,30174
9946,0.015384,0.06,30158
9947,0.015269,0.06,30137
9948,0.015111,0.06,30153
9949,0.014984,0.06,29995
9950,0.015014,0.06,30006
9951,0.015026,0.06,30145
9952,0.015144,0.06,30195
9953,0.01536,0.06,28056
9954,0.015467,0.06,30150
9955,0.015837,0.06,30198
9956,0.015979,0.06,30192
9957,0.016189,0.06,28038
9958,0.015929,0.06,29971
9959,0.015988,0.06,30042
9960,0.015963,0.06,30132
9961,0.015967,0.06,30077
9962,0.016104,0.06,30196
9963,0.015861,0.06,30127
9964,0.016159,0.06,28753
9965,0.01589,0.06,28723
9966,0.015745,0.05,30157
9967,0.015848,0.05,30174
9968,0.015839,0.05,30189
9969,0.016087,0.05,30163
9970,0.016086,0.05,29618
9971,0.015988,0.05,30206
9972,0.015808,0.05,30197
9973,0.01566,0.05,30128
9974,0.015613,0.05,30069
9975,0.015446,0.05,30203
9976,0.015305,0.05,30156
9977,0.01525,0.05,30199
9978,0.015312,0.05,30161
9979,0.015217,0.05,30004
9980,0.015492,0.05,30159
9981,0.015477,0.05,30169
9982,0.01536,0.05,30169
9983,0.015497,0.05,30152
9984,0.015442,0.05,30161
9985,0.015911,0.05,30158
9986,0.016818,0.05,30151
9987,0.016546,0.05,30141
9988,0.016257,0.05,30178
9989,0.016026,0.05,30067
9990,0.016001,0.05,30022
9991,0.016149,0.05,30025
9992,0.015979,0.05,30142
9993,0.015851,0.05,29341
9994,0.015573,0.05,30097
9995,0.015583,0.05,30157
9996,0.015399,0.05,29772
9997,0.015353,0.05,30022
9998,0.015467,0.05,30139
9999,0.015389,0.05,28647
